<?xml version="1.0" encoding="UTF-8"?><teiCorpus xmlns="http://www.tei-c.org/ns/1.0" xml:lang="ta"><teiHeader><listWit><witness xml:id="C1" source="C1_UVSL_1076.xml"><abbr type="siglum">C1</abbr><expan>
               <title xmlns="http://www.tei-c.org/ns/1.0" xml:lang="ta">Eṭṭuttokai</title>
            </expan><witness xml:id="C1ac" type="ac"><abbr type="siglum">C1ac</abbr><expan>
               <title xmlns="http://www.tei-c.org/ns/1.0" xml:lang="ta">Eṭṭuttokai</title>
             [ante correctionem]</expan></witness><witness xml:id="C1pc" type="pc"><abbr type="siglum">C1pc</abbr><expan>
               <title xmlns="http://www.tei-c.org/ns/1.0" xml:lang="ta">Eṭṭuttokai</title>
             [post correctionem]</expan></witness></witness><witness xml:id="C2" source="C2_UVSL_183.xml"><abbr type="siglum">C2</abbr><expan>
               <title xmlns="http://www.tei-c.org/ns/1.0" xml:lang="ta">Kuṟuntokai</title>
            </expan><witness xml:id="C2ac" type="ac"><abbr type="siglum">C2ac</abbr><expan>
               <title xmlns="http://www.tei-c.org/ns/1.0" xml:lang="ta">Kuṟuntokai</title>
             [ante correctionem]</expan></witness><witness xml:id="C2pc" type="pc"><abbr type="siglum">C2pc</abbr><expan>
               <title xmlns="http://www.tei-c.org/ns/1.0" xml:lang="ta">Kuṟuntokai</title>
             [post correctionem]</expan></witness><witness xml:id="C2-green"><abbr type="siglum">C2-green</abbr><expan>
               <title xmlns="http://www.tei-c.org/ns/1.0" xml:lang="ta">Kuṟuntokai</title>
             [witness green]</expan></witness><witness xml:id="C2-pencil"><abbr type="siglum">C2-pencil</abbr><expan>
               <title xmlns="http://www.tei-c.org/ns/1.0" xml:lang="ta">Kuṟuntokai</title>
             [witness pencil]</expan></witness><witness xml:id="C2-black"><abbr type="siglum">C2-black</abbr><expan>
               <title xmlns="http://www.tei-c.org/ns/1.0" xml:lang="ta">Kuṟuntokai</title>
             [witness black]</expan></witness><witness xml:id="C2-p"><abbr type="siglum">C2-p</abbr><expan>
               <title xmlns="http://www.tei-c.org/ns/1.0" xml:lang="ta">Kuṟuntokai</title>
             [witness p]</expan></witness></witness><witness xml:id="C3" source="C3_UVSL_184.xml"><abbr type="siglum">C3</abbr><expan><title xmlns="http://www.tei-c.org/ns/1.0" xml:lang="ta">Kuṟuntokai</title></expan><witness xml:id="C3ac" type="ac"><abbr type="siglum">C3ac</abbr><expan><title xmlns="http://www.tei-c.org/ns/1.0" xml:lang="ta">Kuṟuntokai</title> [ante correctionem]</expan></witness><witness xml:id="C3pc" type="pc"><abbr type="siglum">C3pc</abbr><expan><title xmlns="http://www.tei-c.org/ns/1.0" xml:lang="ta">Kuṟuntokai</title> [post correctionem]</expan></witness></witness><witness xml:id="Cam" source="Cam.xml"><abbr type="siglum">Cam</abbr><expan><title xmlns="http://www.tei-c.org/ns/1.0" xml:lang="ta">Kuṟuntokai</title></expan><witness xml:id="Cam-pāṭam"><abbr type="siglum">Cam-pāṭam</abbr><expan><title xmlns="http://www.tei-c.org/ns/1.0" xml:lang="ta">Kuṟuntokai</title> [witness pāṭam]</expan></witness><witness xml:id="Cam-p"><abbr type="siglum">Cam-p</abbr><expan><title xmlns="http://www.tei-c.org/ns/1.0" xml:lang="ta">Kuṟuntokai</title> [witness p]</expan></witness></witness><witness xml:id="EA" source="EA.xml"><abbr type="siglum">EA</abbr><expan><title xmlns="http://www.tei-c.org/ns/1.0" xml:lang="ta">Kuṟuntokai</title></expan></witness><witness xml:id="G1" source="G1_GOML_TD65.xml"><abbr type="siglum">G1</abbr><expan><title xmlns="http://www.tei-c.org/ns/1.0" xml:lang="ta">Kuṟuntokai</title></expan><witness xml:id="G1ac" type="ac"><abbr type="siglum">G1ac</abbr><expan><title xmlns="http://www.tei-c.org/ns/1.0" xml:lang="ta">Kuṟuntokai</title> [ante correctionem]</expan></witness><witness xml:id="G1pc" type="pc"><abbr type="siglum">G1pc</abbr><expan><title xmlns="http://www.tei-c.org/ns/1.0" xml:lang="ta">Kuṟuntokai</title> [post correctionem]</expan></witness></witness><witness xml:id="G2" source="G2_GOML_TR1072.xml"><abbr type="siglum">G2</abbr><expan><title xmlns="http://www.tei-c.org/ns/1.0" xml:lang="ta">Kuṟuntokai</title></expan><witness xml:id="G2ac" type="ac"><abbr type="siglum">G2ac</abbr><expan><title xmlns="http://www.tei-c.org/ns/1.0" xml:lang="ta">Kuṟuntokai</title> [ante correctionem]</expan></witness><witness xml:id="G2pc" type="pc"><abbr type="siglum">G2pc</abbr><expan><title xmlns="http://www.tei-c.org/ns/1.0" xml:lang="ta">Kuṟuntokai</title> [post correctionem]</expan></witness></witness><witness xml:id="SS" source="SS.xml"><abbr type="siglum">SS</abbr><expan><title xmlns="http://www.tei-c.org/ns/1.0" xml:lang="ta">Kuṟuntokai</title></expan></witness><witness xml:id="Ed" source="KT320.xml"><abbr type="siglum">Ed</abbr><expan><title xmlns="http://www.tei-c.org/ns/1.0" xml:lang="ta">Kuṟuntokai</title> 320. <persName xmlns="http://www.tei-c.org/ns/1.0" xml:lang="ta">Tumpicēr Kīraṉ </persName>
          : <hi xmlns="http://www.tei-c.org/ns/1.0" rend="italic">SHE</hi></expan></witness></listWit><xenoData><stemma format="nexml" id="stemma0"><nex:nexml xmlns:nex="http://www.nexml.org/2009" version="0.9"><nex:otus id="otus1"><nex:otu id="otu0" label="C1pc"/><nex:otu id="otu1" label="C3pc"/><nex:otu id="otu2" label="C2"/><nex:otu id="otu3" label="C1ac"/><nex:otu id="otu4" label="C3ac"/><nex:otu id="otu5" label="Cam"/><nex:otu id="otu6" label="G1"/><nex:otu id="otu7" label="EA"/><nex:otu id="otu8" label="G2"/></nex:otus><nex:trees otus="otus1" id="trees1"><nex:tree id="guidetree" label="guidetree" xsi:type="nex:FloatTree" xmlns:xsi="http://www.w3.org/2001/XMLSchema-instance"><nex:node id="3f899a2a-1c18-47ac-a7de-4a523ca54000"  root="true"/><nex:node id="1a473413-99e7-4135-bc95-29140a38cc2c"  /><nex:node id="2cec498d-464b-4c2b-aaa3-a548f07babdd"  /><nex:node id="6f44de6f-d3a9-433e-a69f-673c75c395b9"  /><nex:node id="bb0e173c-3e7c-4f10-88b5-1619494bbd57" label="C1pc" otu="otu4" /><nex:node id="b25a6a53-1ec0-4b0d-87c0-4870f8e702d3" label="C3pc" otu="otu5" /><nex:node id="7b025ed8-5fa6-43ae-877f-0110af1018fd" label="C2" otu="otu6" /><nex:node id="bb976128-1288-45ba-8f34-567225a9c9f3"  /><nex:node id="0ecefa10-366c-4ce6-bbca-b403504f8b19" label="C1ac" otu="otu8" /><nex:node id="5695970a-5054-4a9c-9415-f9c4001e4887" label="C3ac" otu="otu9" /><nex:node id="09bc1229-b1ca-4eb9-8973-39b1ba3f57d7"  /><nex:node id="3fbb902f-a7ab-4a32-b044-59b32c28f76d"  /><nex:node id="0e2a18fd-f0e1-4f2c-be0e-8b176ae4bc72" label="Cam" otu="otu12" /><nex:node id="0bb2f56c-32ef-449b-a1b7-0f800df185ea" label="G1" otu="otu13" /><nex:node id="cc5aee8b-7752-40fe-b18f-dd169ca05c15"  /><nex:node id="31186630-f7a8-4fe2-a00d-457cb024a1ad" label="EA" otu="otu15" /><nex:node id="02c7aeac-8f9d-4538-a0fd-fd8ad5562212" label="G2" otu="otu16" /><nex:edge source="3f899a2a-1c18-47ac-a7de-4a523ca54000" target="1a473413-99e7-4135-bc95-29140a38cc2c" id="edge0" length="0.10879187865139717"/><nex:edge source="3f899a2a-1c18-47ac-a7de-4a523ca54000" target="09bc1229-b1ca-4eb9-8973-39b1ba3f57d7" id="edge1" length="0.10879187865139717"/><nex:edge source="1a473413-99e7-4135-bc95-29140a38cc2c" target="2cec498d-464b-4c2b-aaa3-a548f07babdd" id="edge2" length="0.11809875360826394"/><nex:edge source="1a473413-99e7-4135-bc95-29140a38cc2c" target="bb976128-1288-45ba-8f34-567225a9c9f3" id="edge3" length="0"/><nex:edge source="09bc1229-b1ca-4eb9-8973-39b1ba3f57d7" target="3fbb902f-a7ab-4a32-b044-59b32c28f76d" id="edge4" length="0.005330598983168705"/><nex:edge source="09bc1229-b1ca-4eb9-8973-39b1ba3f57d7" target="cc5aee8b-7752-40fe-b18f-dd169ca05c15" id="edge5" length="0.17236542520535306"/><nex:edge source="2cec498d-464b-4c2b-aaa3-a548f07babdd" target="6f44de6f-d3a9-433e-a69f-673c75c395b9" id="edge6" length="0.017039100648062022"/><nex:edge source="2cec498d-464b-4c2b-aaa3-a548f07babdd" target="7b025ed8-5fa6-43ae-877f-0110af1018fd" id="edge7" length="0.3178723340998981"/><nex:edge source="bb976128-1288-45ba-8f34-567225a9c9f3" target="0ecefa10-366c-4ce6-bbca-b403504f8b19" id="edge8" length="0.40270601923255717"/><nex:edge source="bb976128-1288-45ba-8f34-567225a9c9f3" target="5695970a-5054-4a9c-9415-f9c4001e4887" id="edge9" length="0.3412618131063608"/><nex:edge source="3fbb902f-a7ab-4a32-b044-59b32c28f76d" target="0e2a18fd-f0e1-4f2c-be0e-8b176ae4bc72" id="edge10" length="0.37856119805887045"/><nex:edge source="3fbb902f-a7ab-4a32-b044-59b32c28f76d" target="0bb2f56c-32ef-449b-a1b7-0f800df185ea" id="edge11" length="0.3445380158581475"/><nex:edge source="cc5aee8b-7752-40fe-b18f-dd169ca05c15" target="31186630-f7a8-4fe2-a00d-457cb024a1ad" id="edge12" length="0.28413808748717806"/><nex:edge source="cc5aee8b-7752-40fe-b18f-dd169ca05c15" target="02c7aeac-8f9d-4538-a0fd-fd8ad5562212" id="edge13" length="0.2651744169933198"/><nex:edge source="6f44de6f-d3a9-433e-a69f-673c75c395b9" target="bb0e173c-3e7c-4f10-88b5-1619494bbd57" id="edge14" length="0"/><nex:edge source="6f44de6f-d3a9-433e-a69f-673c75c395b9" target="b25a6a53-1ec0-4b0d-87c0-4870f8e702d3" id="edge15" length="0"/></nex:tree></nex:trees></nex:nexml></stemma></xenoData></teiHeader><TEI n="C1pc"><text><w n="0">e</w><w n="1" lemma="tu">tu. </w><w n="2">a</w><w n="3">la</w><w n="4" lemma="ra">r a</w><w n="5" lemma="ña">ñ</w><w n="6" lemma="ci">ci </w><w n="7">yā</w><w n="8" lemma="ṟa">ṟ</w><w n="9">ṟu</w><w n="10" lemma="ḷā">ḷ ā</w><w n="11">ki</w><w n="12" lemma="ya">ya </w><w n="13">ta</w><w n="14">lai</w><w n="15">ma</w><w n="16">ka</w><w n="17">ṭa</w><w n="18"></w><w n="19" lemma="lai">lai </w><w n="20">va</w><w n="21"></w><w n="22" lemma="ṉa">ṉ </w><w n="23">kē</w><w n="24" lemma="ṭa">ṭ</w><w n="25">pā</w><w n="26" lemma="ṉā">ṉ ā</w><w n="27">ka</w><w n="28" lemma="ta">t </w><w n="29">tō</w><w n="30">li</w><w n="31" lemma="ka">k</w><w n="32">ku</w><w n="33" lemma="ka">k </w><w n="34">kū</w><w n="35">ṟi</w><w n="36">ya</w><w n="37" lemma="tu">tu · </w><w n="38">tu</w><w n="39" lemma="ma">m</w><w n="40">pi</w><w n="41">cē</w><w n="42" lemma="ra">r </w><w n="43">kī</w><w n="44">ra</w><w n="45" lemma="ṉa">ṉ · 320 </w><w n="46"></w><w n="47"></w><w n="48"></w><w n="49"></w></text></TEI><TEI n="C3pc"><text><w n="0" lemma="e">e-</w><w n="1" lemma="tu">tu. </w><w n="2">a</w><w n="3">la</w><w n="4" lemma="ra">r a</w><w n="5" lemma="ña">ñ</w><w n="6" lemma="ci">ci </w><w n="7">yā</w><w n="8" lemma="ṟa">ṟ</w><w n="9">ṟu</w><w n="10" lemma="ḷā">ḷ ā</w><w n="11">ki</w><w n="12" lemma="ya">ya </w><w n="13">ta</w><w n="14">lai</w><w n="15">ma</w><w n="16">ka</w><w n="17">ṭa</w><w n="18"></w><w n="19">lai</w><w n="20">va</w><w n="21"></w><w n="22" lemma="ṉa">ṉ </w><w n="23">kē</w><w n="24" lemma="ṭa">ṭ</w><w n="25">pā</w><w n="26" lemma="ṉā">ṉ ā</w><w n="27">ka</w><w n="28" lemma="ta">t </w><w n="29">tō</w><w n="30">li</w><w n="31" lemma="ka">k</w><w n="32">ku</w><w n="33" lemma="ka">k </w><w n="34">kū</w><w n="35">ṟi</w><w n="36">ya</w><w n="37" lemma="tu">tu. </w><w n="38">tu</w><w n="39" lemma="ma">m</w><w n="40">pi</w><w n="41">cē</w><w n="42" lemma="ra">r </w><w n="43">kī</w><w n="44">ra</w><w n="45" lemma="ṉa">ṉ. 320</w><w n="46"></w><w n="47"></w><w n="48"></w><w n="49"></w></text></TEI><TEI n="C2"><text><w n="0" lemma="e"> e-</w><w n="1" lemma="tu">tu. </w><w n="2">a</w><w n="3">la</w><w n="4" lemma="ra">r a</w><w n="5" lemma="ña">ñ</w><w n="6" lemma="ci">ci </w><w n="7">yā</w><w n="8" lemma="ṟa">ṟ</w><w n="9">ṟu</w><w n="10" lemma="ḷā">ḷ ā</w><w n="11">ki</w><w n="12" lemma="ya">ya </w><w n="13">ta</w><w n="14">lai</w><w n="15">ma</w><w n="16">ka</w><w n="17" lemma="ḷa">ḷ, </w><w n="18">ta</w><w n="19">lai</w><w n="20">va</w><w n="21"></w><w n="22" lemma="ṉa">ṉ </w><w n="23">kē</w><w n="24" lemma="ṭa">ṭ</w><w n="25">pā</w><w n="26" lemma="ṉā">ṉ ā</w><w n="27">ka</w><w n="28" lemma="ta">t </w><w n="29">tō</w><w n="30">li</w><w n="31" lemma="ka">k</w><w n="32">ku</w><w n="33" lemma="ka">k </w><w n="34">kū</w><w n="35">ṟi</w><w n="36">ya</w><w n="37" lemma="tu">tu. </w><w n="38">tu</w><w n="39" lemma="ma">m</w><w n="40">pi</w><w n="41">cē</w><w n="42" lemma="ra">r </w><w n="43">kī</w><w n="44">ra</w><w n="45" lemma="ṉa">ṉ.</w><w n="46"></w><w n="47"></w><w n="48"></w><w n="49"></w></text></TEI><TEI n="C1ac"><text><w n="0">e</w><w n="1" lemma="tu">tu. </w><w n="2">a</w><w n="3">la</w><w n="4" lemma="ra">r a</w><w n="5" lemma="ña">ñ</w><w n="6" lemma="ci">ci </w><w n="7">yā</w><w n="8" lemma="ṟa">ṟ</w><w n="9">ṟu</w><w n="10" lemma="ḷā">ḷ ā</w><w n="11">ki</w><w n="12" lemma="ya">ya </w><w n="13">ta</w><w n="14">lai</w><w n="15">ma</w><w n="16">ka</w><w n="17">ṭa</w><w n="18" lemma="lai">lai </w><w n="19" lemma="‡">‡ </w><w n="20">va</w><w n="21"></w><w n="22" lemma="ṉa">ṉ </w><w n="23">kē</w><w n="24" lemma="ṭa">ṭ</w><w n="25">pā</w><w n="26" lemma="ṉā">ṉ ā</w><w n="27">ka</w><w n="28" lemma="ta">t </w><w n="29">tō</w><w n="30">li</w><w n="31" lemma="ka">k</w><w n="32">ku</w><w n="33" lemma="ka">k </w><w n="34">kū</w><w n="35">ṟi</w><w n="36">ya</w><w n="37" lemma="tu">tu · </w><w n="38">tu</w><w n="39" lemma="ma">m</w><w n="40">pi</w><w n="41">cē</w><w n="42" lemma="ra">r </w><w n="43">kī</w><w n="44">ra</w><w n="45" lemma="ṉa">ṉ · 320 </w><w n="46"></w><w n="47"></w><w n="48"></w><w n="49"></w></text></TEI><TEI n="C3ac"><text><w n="0" lemma="e">e-</w><w n="1" lemma="tu">tu. </w><w n="2">a</w><w n="3">la</w><w n="4" lemma="ra">r a</w><w n="5" lemma="ña">ñ</w><w n="6" lemma="ci">ci </w><w n="7">yā</w><w n="8" lemma="ṟa">ṟ</w><w n="9">ṟu</w><w n="10" lemma="ḷā">ḷ ā</w><w n="11">ki</w><w n="12" lemma="ya">ya </w><w n="13">ta</w><w n="14">lai</w><w n="15">ma</w><w n="16">ka</w><w n="17">ṭa</w><w n="18"></w><w n="19">lai</w><w n="20">va</w><w n="21"></w><w n="22" lemma="ṉa">ṉ </w><w n="23">kē</w><w n="24" lemma="ṭa">ṭ</w><w n="25">pā</w><w n="26" lemma="ṉā">ṉ ā</w><w n="27">ka</w><w n="28" lemma="ta">t </w><w n="29">tō</w><w n="30">li</w><w n="31" lemma="ka">k</w><w n="32">ku</w><w n="33" lemma="ka">k </w><w n="34">kū</w><w n="35">ṟi</w><w n="36">ya</w><w n="37" lemma="tu">tu. </w><w n="38">tu</w><w n="39" lemma="ma">m</w><w n="40">pi</w><w n="41">cē</w><w n="42" lemma="ra">r </w><w n="43">tī</w><w n="44">ra</w><w n="45" lemma="ṉa">ṉ. 320</w><w n="46"></w><w n="47"></w><w n="48"></w><w n="49"></w></text></TEI><TEI n="Cam"><text><w n="0" lemma="e"> e-</w><w n="1" lemma="tu">tu. </w><w n="2">a</w><w n="3">la</w><w n="4" lemma="ra">r a</w><w n="5" lemma="ña">ñ</w><w n="6" lemma="ci">ci </w><w n="7">yā</w><w n="8" lemma="ṟa">ṟ</w><w n="9">ṟā</w><w n="10" lemma="ḷā">ḷ ā</w><w n="11">ki</w><w n="12" lemma="ya">ya </w><w n="13">ta</w><w n="14">lai</w><w n="15">ma</w><w n="16">ka</w><w n="17" lemma="ḷa">ḷ, </w><w n="18">ta</w><w n="19">lai</w><w n="20">ma</w><w n="21">ka</w><w n="22" lemma="ṉa">ṉ </w><w n="23">kē</w><w n="24" lemma="ṭa">ṭ</w><w n="25">pā</w><w n="26" lemma="ṉā">ṉ ā</w><w n="27">ka</w><w n="28" lemma="ta">t </w><w n="29">tō</w><w n="30">ḻi</w><w n="31" lemma="ka">k</w><w n="32">kū</w><w n="33" lemma="ka">k </w><w n="34">kū</w><w n="35">ṟi</w><w n="36">ya</w><w n="37" lemma="tu">tu. </w><w n="38">tu</w><w n="39" lemma="ma">m</w><w n="40">pi</w><w n="41">cē</w><w n="42" lemma="ra">r </w><w n="43">kī</w><w n="44">ra</w><w n="45" lemma="ṉa">ṉ</w><w n="46"></w><w n="47"></w><w n="48"></w><w n="49"></w></text></TEI><TEI n="G1"><text><w n="0">e</w><w n="1" lemma="tu">tu. </w><w n="2">a</w><w n="3">la</w><w n="4" lemma="ra">r a</w><w n="5" lemma="ña">ñ</w><w n="6" lemma="ci">ci </w><w n="7">yā</w><w n="8" lemma="ṟa">ṟ</w><w n="9">ṟā</w><w n="10" lemma="ḷā">ḷ ā</w><w n="11">ki</w><w n="12" lemma="ya">ya </w><w n="13">ta</w><w n="14">lai</w><w n="15">ma</w><w n="16">ka</w><w n="17">ṭa</w><w n="18"></w><w n="19">lai</w><w n="20">va</w><w n="21"></w><w n="22" lemma="ṉa">ṉ </w><w n="23">kē</w><w n="24" lemma="ṭa">ṭ</w><w n="25">pā</w><w n="26" lemma="ṉā">ṉ ā</w><w n="27"></w><w n="28"></w><w n="29">tō</w><w n="30">ḻi</w><w n="31" lemma="ka">k</w><w n="32">ku</w><w n="33" lemma="ka">k </w><w n="34">kū</w><w n="35">ṟi</w><w n="36">ya</w><w n="37" lemma="tu">tu. </w><w n="38">tu</w><w n="39" lemma="ma">m</w><w n="40">pi</w><w n="41">cē</w><w n="42" lemma="ra">r </w><w n="43">kī</w><w n="44">ra</w><w n="45" lemma="ṉa">ṉ</w><w n="46"></w><w n="47"></w><w n="48"></w><w n="49"></w></text></TEI><TEI n="EA"><text><w n="0" lemma="i"> [i</w><w n="1" lemma="tu">tu, </w><w n="2">a</w><w n="3">la</w><w n="4" lemma="ra">r a</w><w n="5" lemma="ña">ñ</w><w n="6" lemma="ci">ci </w><w n="7" lemma="yā">ā</w><w n="8" lemma="ṟa">ṟ</w><w n="9">ṟā</w><w n="10" lemma="ḷā">ḷ ā</w><w n="11">ki</w><w n="12" lemma="ya">ya </w><w n="13">ta</w><w n="14">lai</w><w n="15">ma</w><w n="16">ka</w><w n="17" lemma="ḷa">ḷ </w><w n="18">ta</w><w n="19">lai</w><w n="20">va</w><w n="21"></w><w n="22" lemma="ṉa">ṉ </w><w n="23">kē</w><w n="24" lemma="ṭa">ṭ</w><w n="25">pā</w><w n="26" lemma="ṉā">ṉ ā</w><w n="27">ka</w><w n="28" lemma="ta">t </w><w n="29">tō</w><w n="30">ḻi</w><w n="31" lemma="ka">k</w><w n="32">ku</w><w n="33" lemma="ka">k </w><w n="34">kū</w><w n="35">ṟi</w><w n="36">ya</w><w n="37" lemma="tu">tu.] [</w><w n="38">tu</w><w n="39" lemma="ma">m</w><w n="40">pī</w><w n="41">mō</w><w n="42" lemma="ci">ci </w><w n="43">kī</w><w n="44">ra</w><w n="45" lemma="ṉa">ṉ </w><w n="46">pā</w><w n="47">ṭi</w><w n="48">ya</w><w n="49" lemma="tu">tu]</w></text></TEI><TEI n="G2"><text><w n="0" lemma="e">e-</w><w n="1" lemma="tuː">tuː― </w><w n="2">a</w><w n="3">la</w><w n="4" lemma="ra">r a</w><w n="5" lemma="ña">ñ</w><w n="6" lemma="ci">ci </w><w n="7">yā</w><w n="8" lemma="ṟa">ṟ</w><w n="9">ṟā</w><w n="10" lemma="ḷā">ḷ ā</w><w n="11">ki</w><w n="12" lemma="ya">ya </w><w n="13">ta</w><w n="14">lai</w><w n="15">ma</w><w n="16">ka</w><w n="17" lemma="ḷa">ḷ </w><w n="18">ta</w><w n="19">lai</w><w n="20">va</w><w n="21"></w><w n="22" lemma="ṉa">ṉ </w><w n="23">kē</w><w n="24" lemma="ṭa">ṭ</w><w n="25">pā</w><w n="26" lemma="ṉā">ṉ ā</w><w n="27">ka</w><w n="28" lemma="ta">t </w><w n="29">tō</w><w n="30">ḻi</w><w n="31" lemma="ka">k</w><w n="32">ku</w><w n="33" lemma="ka">k </w><w n="34">kū</w><w n="35">ṟi</w><w n="36">ya</w><w n="37" lemma="tu">tu. -</w><w n="38">tu</w><w n="39" lemma="ma">m</w><w n="40">pī</w><w n="41">mō</w><w n="42" lemma="ci">ci </w><w n="43">kī</w><w n="44">ra</w><w n="45" lemma="ṉa">ṉ-</w><w n="46"></w><w n="47"></w><w n="48"></w><w n="49"></w></text></TEI></teiCorpus>