<?xml version="1.0" encoding="UTF-8"?><teiCorpus xmlns="http://www.tei-c.org/ns/1.0" xml:lang="ta"><teiHeader><listWit><witness xml:id="C1" source="C1_UVSL_1076.xml"><abbr type="siglum">C1</abbr><expan>
               <title xmlns="http://www.tei-c.org/ns/1.0" xml:lang="ta">Eṭṭuttokai</title>
            </expan><witness xml:id="C1ac" type="ac"><abbr type="siglum">C1ac</abbr><expan>
               <title xmlns="http://www.tei-c.org/ns/1.0" xml:lang="ta">Eṭṭuttokai</title>
             [ante correctionem]</expan></witness><witness xml:id="C1pc" type="pc"><abbr type="siglum">C1pc</abbr><expan>
               <title xmlns="http://www.tei-c.org/ns/1.0" xml:lang="ta">Eṭṭuttokai</title>
             [post correctionem]</expan></witness></witness><witness xml:id="C2" source="C2_UVSL_183.xml"><abbr type="siglum">C2</abbr><expan>
               <title xmlns="http://www.tei-c.org/ns/1.0" xml:lang="ta">Kuṟuntokai</title>
            </expan><witness xml:id="C2ac" type="ac"><abbr type="siglum">C2ac</abbr><expan>
               <title xmlns="http://www.tei-c.org/ns/1.0" xml:lang="ta">Kuṟuntokai</title>
             [ante correctionem]</expan></witness><witness xml:id="C2pc" type="pc"><abbr type="siglum">C2pc</abbr><expan>
               <title xmlns="http://www.tei-c.org/ns/1.0" xml:lang="ta">Kuṟuntokai</title>
             [post correctionem]</expan></witness><witness xml:id="C2-green"><abbr type="siglum">C2-green</abbr><expan>
               <title xmlns="http://www.tei-c.org/ns/1.0" xml:lang="ta">Kuṟuntokai</title>
             [witness green]</expan></witness><witness xml:id="C2-pencil"><abbr type="siglum">C2-pencil</abbr><expan>
               <title xmlns="http://www.tei-c.org/ns/1.0" xml:lang="ta">Kuṟuntokai</title>
             [witness pencil]</expan></witness><witness xml:id="C2-black"><abbr type="siglum">C2-black</abbr><expan>
               <title xmlns="http://www.tei-c.org/ns/1.0" xml:lang="ta">Kuṟuntokai</title>
             [witness black]</expan></witness><witness xml:id="C2-p"><abbr type="siglum">C2-p</abbr><expan>
               <title xmlns="http://www.tei-c.org/ns/1.0" xml:lang="ta">Kuṟuntokai</title>
             [witness p]</expan></witness></witness><witness xml:id="C3" source="C3_UVSL_184.xml"><abbr type="siglum">C3</abbr><expan><title xmlns="http://www.tei-c.org/ns/1.0" xml:lang="ta">Kuṟuntokai</title></expan><witness xml:id="C3ac" type="ac"><abbr type="siglum">C3ac</abbr><expan><title xmlns="http://www.tei-c.org/ns/1.0" xml:lang="ta">Kuṟuntokai</title> [ante correctionem]</expan></witness><witness xml:id="C3pc" type="pc"><abbr type="siglum">C3pc</abbr><expan><title xmlns="http://www.tei-c.org/ns/1.0" xml:lang="ta">Kuṟuntokai</title> [post correctionem]</expan></witness></witness><witness xml:id="Cam" source="Cam.xml"><abbr type="siglum">Cam</abbr><expan><title xmlns="http://www.tei-c.org/ns/1.0" xml:lang="ta">Kuṟuntokai</title></expan><witness xml:id="Cam-pāṭam"><abbr type="siglum">Cam-pāṭam</abbr><expan><title xmlns="http://www.tei-c.org/ns/1.0" xml:lang="ta">Kuṟuntokai</title> [witness pāṭam]</expan></witness><witness xml:id="Cam-p"><abbr type="siglum">Cam-p</abbr><expan><title xmlns="http://www.tei-c.org/ns/1.0" xml:lang="ta">Kuṟuntokai</title> [witness p]</expan></witness></witness><witness xml:id="EA" source="EA.xml"><abbr type="siglum">EA</abbr><expan><title xmlns="http://www.tei-c.org/ns/1.0" xml:lang="ta">Kuṟuntokai</title></expan></witness><witness xml:id="G1" source="G1_GOML_TD65.xml"><abbr type="siglum">G1</abbr><expan><title xmlns="http://www.tei-c.org/ns/1.0" xml:lang="ta">Kuṟuntokai</title></expan><witness xml:id="G1ac" type="ac"><abbr type="siglum">G1ac</abbr><expan><title xmlns="http://www.tei-c.org/ns/1.0" xml:lang="ta">Kuṟuntokai</title> [ante correctionem]</expan></witness><witness xml:id="G1pc" type="pc"><abbr type="siglum">G1pc</abbr><expan><title xmlns="http://www.tei-c.org/ns/1.0" xml:lang="ta">Kuṟuntokai</title> [post correctionem]</expan></witness></witness><witness xml:id="G2" source="G2_GOML_TR1072.xml"><abbr type="siglum">G2</abbr><expan><title xmlns="http://www.tei-c.org/ns/1.0" xml:lang="ta">Kuṟuntokai</title></expan><witness xml:id="G2ac" type="ac"><abbr type="siglum">G2ac</abbr><expan><title xmlns="http://www.tei-c.org/ns/1.0" xml:lang="ta">Kuṟuntokai</title> [ante correctionem]</expan></witness><witness xml:id="G2pc" type="pc"><abbr type="siglum">G2pc</abbr><expan><title xmlns="http://www.tei-c.org/ns/1.0" xml:lang="ta">Kuṟuntokai</title> [post correctionem]</expan></witness></witness><witness xml:id="SS" source="SS.xml"><abbr type="siglum">SS</abbr><expan><title xmlns="http://www.tei-c.org/ns/1.0" xml:lang="ta">Kuṟuntokai</title></expan></witness><witness xml:id="Ed" source="KT320.xml"><abbr type="siglum">Ed</abbr><expan><title xmlns="http://www.tei-c.org/ns/1.0" xml:lang="ta">Kuṟuntokai</title> 320. <persName xmlns="http://www.tei-c.org/ns/1.0" xml:lang="ta">Tumpicēr Kīraṉ </persName>
          : <hi xmlns="http://www.tei-c.org/ns/1.0" rend="italic">SHE</hi></expan></witness></listWit><xenoData><stemma format="nexml" id="stemma0"><nex:nexml xmlns:nex="http://www.nexml.org/2009" version="0.9"><nex:otus id="otus1"><nex:otu id="otu0" label="C2-black"/><nex:otu id="otu1" label="C2-pencil"/><nex:otu id="otu2" label="C2ac"/><nex:otu id="otu3" label="C2pc"/><nex:otu id="otu4" label="C2-green"/><nex:otu id="otu5" label="EA"/><nex:otu id="otu6" label="C1ac"/><nex:otu id="otu7" label="C1pc"/><nex:otu id="otu8" label="G1ac"/><nex:otu id="otu9" label="G1pc"/><nex:otu id="otu10" label="C3ac"/><nex:otu id="otu11" label="C3pc"/><nex:otu id="otu12" label="G2ac"/><nex:otu id="otu13" label="G2pc"/><nex:otu id="otu14" label="Ed"/><nex:otu id="otu15" label="Cam"/><nex:otu id="otu16" label="Cam-pāṭam"/><nex:otu id="otu17" label="SS"/></nex:otus><nex:trees otus="otus1" id="trees1"><nex:tree id="guidetree" label="guidetree" xsi:type="nex:FloatTree" xmlns:xsi="http://www.w3.org/2001/XMLSchema-instance"><nex:node id="5256bf33-d6cc-4c0e-9438-b2ae34d6f94b"  root="true"/><nex:node id="bfced839-6837-4a4c-9d67-77aa23b689dd"  /><nex:node id="54d9b206-47d9-4355-8e66-4b6b65ad45af"  /><nex:node id="f5179142-1e3a-4f86-951d-45fbf5300864"  /><nex:node id="7aa26317-a9fa-4f76-a5a7-24d68a21866a" label="C2-black" otu="otu4" /><nex:node id="faa4d620-4862-4856-9e1c-d332fcc46d27" label="C2-pencil" otu="otu5" /><nex:node id="b1dc1bd7-0297-45b1-ae00-822d985a613d"  /><nex:node id="6b71351f-44b1-4351-99fa-85d592af7467" label="C2ac" otu="otu7" /><nex:node id="af69df87-463a-4139-b5a6-09b7eed62c10" label="C2pc" otu="otu8" /><nex:node id="ac5229b5-9899-4438-a14e-86bf19548cae"  /><nex:node id="249fec32-a94b-42b1-a676-cca4d5d564d7" label="C2-green" otu="otu10" /><nex:node id="dcf5dfee-f3cc-4b0e-a60f-a7cad8fd6faa" label="EA" otu="otu11" /><nex:node id="6225a07f-571d-4e12-b5c9-560b43e09a5c"  /><nex:node id="1da2eece-92a4-4dce-992c-feb53e0f748a"  /><nex:node id="b2f0e6f6-645c-40a4-a4c6-04dd089c1a33"  /><nex:node id="0a585cff-d190-42f1-84b3-a01d024f9f51"  /><nex:node id="5c707230-676e-4964-abf1-57c9bd06ed45" label="C1ac" otu="otu16" /><nex:node id="72a27716-2b71-4aca-ac14-e89dda5508c3" label="C1pc" otu="otu17" /><nex:node id="e9e17d3e-2737-4438-8489-49ca01fcfd7f"  /><nex:node id="d0a623f7-ed5b-4a7b-bb15-e12b8c758946" label="G1ac" otu="otu19" /><nex:node id="fac157f6-aa05-44f0-bf2e-1f04d6407c2d" label="G1pc" otu="otu20" /><nex:node id="6c30f397-b6a6-4563-ab7e-007d6ce1224f"  /><nex:node id="c77fa343-6777-445f-866f-812e843eabf9" label="C3ac" otu="otu22" /><nex:node id="009f8673-a02b-4d69-881e-64ff7457b25c" label="C3pc" otu="otu23" /><nex:node id="64c77935-114e-432e-9592-d7df290daeff"  /><nex:node id="f5f28931-c508-4664-b5a5-2e6e6d60e909"  /><nex:node id="8aa72469-7812-4d12-9407-be6a69fb2701"  /><nex:node id="c90a15fa-ed81-4e57-acdd-aa8a4ce2549c" label="G2ac" otu="otu27" /><nex:node id="3eb46f00-14b7-431c-ab16-4f42b54cdc94" label="G2pc" otu="otu28" /><nex:node id="16a6231a-bb30-4d9c-973c-e666b4f7b8aa" label="Ed" otu="otu29" /><nex:node id="7f81cfc4-8b62-4217-8d9b-0cbe795875c5"  /><nex:node id="5f94c0f4-e0ea-4aac-95a4-64343864cba2"  /><nex:node id="8b183e2c-ea40-41eb-a7fb-4dc120d5d997" label="Cam" otu="otu32" /><nex:node id="31adc175-157b-431a-a2d6-6d51be3ac099" label="Cam-pāṭam" otu="otu33" /><nex:node id="53d98be2-0360-44ca-8c3b-995cb930550d" label="SS" otu="otu34" /><nex:edge source="5256bf33-d6cc-4c0e-9438-b2ae34d6f94b" target="bfced839-6837-4a4c-9d67-77aa23b689dd" id="edge0" length="0.02305707495124624"/><nex:edge source="5256bf33-d6cc-4c0e-9438-b2ae34d6f94b" target="6225a07f-571d-4e12-b5c9-560b43e09a5c" id="edge1" length="0.02305707495124624"/><nex:edge source="bfced839-6837-4a4c-9d67-77aa23b689dd" target="54d9b206-47d9-4355-8e66-4b6b65ad45af" id="edge2" length="0.05237060191008097"/><nex:edge source="bfced839-6837-4a4c-9d67-77aa23b689dd" target="ac5229b5-9899-4438-a14e-86bf19548cae" id="edge3" length="0.18470153343905765"/><nex:edge source="6225a07f-571d-4e12-b5c9-560b43e09a5c" target="1da2eece-92a4-4dce-992c-feb53e0f748a" id="edge4" length="0.05319543566010508"/><nex:edge source="6225a07f-571d-4e12-b5c9-560b43e09a5c" target="64c77935-114e-432e-9592-d7df290daeff" id="edge5" length="0.0005719876943712648"/><nex:edge source="54d9b206-47d9-4355-8e66-4b6b65ad45af" target="f5179142-1e3a-4f86-951d-45fbf5300864" id="edge6" length="0.1490530975424686"/><nex:edge source="54d9b206-47d9-4355-8e66-4b6b65ad45af" target="b1dc1bd7-0297-45b1-ae00-822d985a613d" id="edge7" length="0.20642381519587844"/><nex:edge source="ac5229b5-9899-4438-a14e-86bf19548cae" target="249fec32-a94b-42b1-a676-cca4d5d564d7" id="edge8" length="0.21566678328022318"/><nex:edge source="ac5229b5-9899-4438-a14e-86bf19548cae" target="dcf5dfee-f3cc-4b0e-a60f-a7cad8fd6faa" id="edge9" length="0.27634614320860384"/><nex:edge source="1da2eece-92a4-4dce-992c-feb53e0f748a" target="b2f0e6f6-645c-40a4-a4c6-04dd089c1a33" id="edge10" length="0.0026380397900048064"/><nex:edge source="1da2eece-92a4-4dce-992c-feb53e0f748a" target="6c30f397-b6a6-4563-ab7e-007d6ce1224f" id="edge11" length="0.17714061976520207"/><nex:edge source="64c77935-114e-432e-9592-d7df290daeff" target="f5f28931-c508-4664-b5a5-2e6e6d60e909" id="edge12" length="0.05678874556092414"/><nex:edge source="64c77935-114e-432e-9592-d7df290daeff" target="7f81cfc4-8b62-4217-8d9b-0cbe795875c5" id="edge13" length="0.09058045773080262"/><nex:edge source="f5179142-1e3a-4f86-951d-45fbf5300864" target="7aa26317-a9fa-4f76-a5a7-24d68a21866a" id="edge14" length="0.09716813657280528"/><nex:edge source="f5179142-1e3a-4f86-951d-45fbf5300864" target="faa4d620-4862-4856-9e1c-d332fcc46d27" id="edge15" length="0.08033361278115618"/><nex:edge source="b1dc1bd7-0297-45b1-ae00-822d985a613d" target="6b71351f-44b1-4351-99fa-85d592af7467" id="edge16" length="0.07636592297842905"/><nex:edge source="b1dc1bd7-0297-45b1-ae00-822d985a613d" target="af69df87-463a-4139-b5a6-09b7eed62c10" id="edge17" length="0.039149983755973436"/><nex:edge source="b2f0e6f6-645c-40a4-a4c6-04dd089c1a33" target="0a585cff-d190-42f1-84b3-a01d024f9f51" id="edge18" length="0.4242964874696443"/><nex:edge source="b2f0e6f6-645c-40a4-a4c6-04dd089c1a33" target="e9e17d3e-2737-4438-8489-49ca01fcfd7f" id="edge19" length="0.3562409924704476"/><nex:edge source="6c30f397-b6a6-4563-ab7e-007d6ce1224f" target="c77fa343-6777-445f-866f-812e843eabf9" id="edge20" length="0.3253887326208406"/><nex:edge source="6c30f397-b6a6-4563-ab7e-007d6ce1224f" target="009f8673-a02b-4d69-881e-64ff7457b25c" id="edge21" length="0.31038374124088103"/><nex:edge source="f5f28931-c508-4664-b5a5-2e6e6d60e909" target="8aa72469-7812-4d12-9407-be6a69fb2701" id="edge22" length="0.28800823774642964"/><nex:edge source="f5f28931-c508-4664-b5a5-2e6e6d60e909" target="16a6231a-bb30-4d9c-973c-e666b4f7b8aa" id="edge23" length="0.32459893942784174"/><nex:edge source="7f81cfc4-8b62-4217-8d9b-0cbe795875c5" target="5f94c0f4-e0ea-4aac-95a4-64343864cba2" id="edge24" length="0.02697929455801923"/><nex:edge source="7f81cfc4-8b62-4217-8d9b-0cbe795875c5" target="53d98be2-0360-44ca-8c3b-995cb930550d" id="edge25" length="0.4206573426535802"/><nex:edge source="0a585cff-d190-42f1-84b3-a01d024f9f51" target="5c707230-676e-4964-abf1-57c9bd06ed45" id="edge26" length="0.006213459641513486"/><nex:edge source="0a585cff-d190-42f1-84b3-a01d024f9f51" target="72a27716-2b71-4aca-ac14-e89dda5508c3" id="edge27" length="0.007693537515574278"/><nex:edge source="e9e17d3e-2737-4438-8489-49ca01fcfd7f" target="d0a623f7-ed5b-4a7b-bb15-e12b8c758946" id="edge28" length="0.03594074155826217"/><nex:edge source="e9e17d3e-2737-4438-8489-49ca01fcfd7f" target="fac157f6-aa05-44f0-bf2e-1f04d6407c2d" id="edge29" length="0.029105716213503705"/><nex:edge source="8aa72469-7812-4d12-9407-be6a69fb2701" target="c90a15fa-ed81-4e57-acdd-aa8a4ce2549c" id="edge30" length="0.04401379866132298"/><nex:edge source="8aa72469-7812-4d12-9407-be6a69fb2701" target="3eb46f00-14b7-431c-ab16-4f42b54cdc94" id="edge31" length="0.04580640832298472"/><nex:edge source="5f94c0f4-e0ea-4aac-95a4-64343864cba2" target="8b183e2c-ea40-41eb-a7fb-4dc120d5d997" id="edge32" length="0.21947445307225133"/><nex:edge source="5f94c0f4-e0ea-4aac-95a4-64343864cba2" target="31adc175-157b-431a-a2d6-6d51be3ac099" id="edge33" length="0.21138152529066934"/></nex:tree></nex:trees></nex:nexml></stemma></xenoData></teiHeader><TEI n="C2-black"><text><w n="0" lemma="pe"> 320. pe</w><w n="1">ru</w><w n="2"></w><w n="3" lemma="ṅa">ṅ</w><w n="4">ka</w><w n="5">ṭa</w><w n="6" lemma="ṟa">ṟ </w><w n="7">pa</w><w n="8">ra</w><w n="9">ta</w><w n="10">va</w><w n="11" lemma="ra">r </w><w n="12">kō</w><w n="13" lemma="ṇa">ṇ</w><w n="14" lemma="mī">mī </w><w n="15">ṉu</w><w n="16">ṇa</w><w n="17" lemma="ṅa">ṅ</w><w n="18" lemma="ka">ka </w><w n="19"></w><w n="20"></w><w n="21"></w><w n="22">ru</w><w n="23" lemma="ṅa">ṅ</w><w n="24">ka</w><w n="25">ḻi</w><w n="26" lemma="ka">k </w><w n="27">ko</w><w n="28" lemma="ṇa">ṇ</w><w n="29" lemma="ṭa">ṭa </w><w n="30">vi</w><w n="31">ra</w><w n="32">vi</w><w n="33" lemma="ṉa">ṉ </w><w n="34">vā</w><w n="35">ṭa</w><w n="36">lo</w><w n="37" lemma="ṭu">ṭu </w><w n="38">ni</w><w n="39">la</w><w n="40">vu</w><w n="41">ni</w><w n="42" lemma="ṟa">ṟa </w><w n="43">ve</w><w n="44" lemma="ṇa">ṇ</w><w n="45">ma</w><w n="46">ṇa</w><w n="47" lemma="la">l </w><w n="48">pu</w><w n="49">la</w><w n="50">va</w><w n="51" lemma="pa">p </w><w n="52">pa</w><w n="53">la</w><w n="54">vu</w><w n="55" lemma="ṭa">ṭa </w><w n="56"></w><w n="57">ṉe</w><w n="58" lemma="ka">k</w><w n="59">ka</w><w n="60" lemma="ra">r</w><w n="61">to</w><w n="62">ṟu</w><w n="63" lemma="ma">m </w><w n="64">pa</w><w n="65">ri</w><w n="66" lemma="ka">k</w><w n="67">ku</w><w n="68" lemma="na">n </w><w n="69">tu</w><w n="70">ṟai</w><w n="71">va</w><w n="72" lemma="ṉo">ṉo </w><w n="73">ṭo</w><w n="74">ru</w><w n="75" lemma="nā">nā </w><w n="76"></w><w n="77">ṇa</w><w n="78" lemma="ka">k</w><w n="79">ka</w><w n="80">tō</w><w n="81" lemma="ra">r </w><w n="82">pa</w><w n="83">ḻi</w><w n="84" lemma="yu">yu </w><w n="85">mi</w><w n="86">la</w><w n="87" lemma="mē">mē </w><w n="88">pō</w><w n="89">ta</w><w n="90">vi</w><w n="91" lemma="ḻa">ḻ </w><w n="92">po</w><w n="93" lemma="ṉa">ṉ</w><w n="94">ṉi</w><w n="95">ṇa</w><w n="96" lemma="ra">r </w><w n="97">ma</w><w n="98">rī</w><w n="99">i</w><w n="100" lemma="ya">ya </w><w n="101">pu</w><w n="102" lemma="ḷa">ḷ</w><w n="103">ḷi</w><w n="104">mi</w><w n="105" lemma="ḻa">ḻ </w><w n="106"></w><w n="107">po</w><w n="108" lemma="ṅa">ṅ</w><w n="109">ka</w><w n="110" lemma="ra">r</w><w n="111" lemma="pa">p </w><w n="112">pu</w><w n="113" lemma="ṉa">ṉ</w><w n="114">ṉai</w><w n="115">ya</w><w n="116" lemma="ña">ñ </w><w n="117">cē</w><w n="118" lemma="ri">ri </w><w n="119"></w><w n="120">yi</w><w n="121" lemma="va">v</w><w n="122">vū</w><w n="123" lemma="ra">r </w><w n="124"></w><w n="125">ko</w><w n="126" lemma="ṉa">ṉ</w><w n="127">ṉa</w><w n="128">la</w><w n="129" lemma="ra">r </w><w n="130">tū</w><w n="131" lemma="ṟa">ṟ </w><w n="132">ṟa</w><w n="133" lemma="ta">t</w><w n="134">ta</w><w n="135" lemma="ṉa">ṉ </w><w n="136">ko</w><w n="137">ṭu</w><w n="138" lemma="mai">mai </w><w n="139">yā</w><w n="140" lemma="ṉē">ṉē. </w><w n="141"></w><w n="142"></w><w n="143"></w><w n="144"></w><w n="145"></w><w n="146"></w><w n="147"></w><w n="148"></w><w n="149"></w></text></TEI><TEI n="C2-pencil"><text><w n="0" lemma="pe"> 320. pe</w><w n="1">ru</w><w n="2"></w><w n="3" lemma="ṅa">ṅ</w><w n="4">ka</w><w n="5">ṭa</w><w n="6" lemma="ṟa">ṟ </w><w n="7">pa</w><w n="8">ra</w><w n="9">ta</w><w n="10">va</w><w n="11" lemma="ra">r </w><w n="12">kō</w><w n="13" lemma="ṇa">ṇ</w><w n="14" lemma="mī">mī </w><w n="15">ṉu</w><w n="16">ṇa</w><w n="17" lemma="ṅa">ṅ</w><w n="18" lemma="ka">ka </w><w n="19"></w><w n="20"></w><w n="21"></w><w n="22">ru</w><w n="23" lemma="ṅa">ṅ</w><w n="24">ka</w><w n="25">ḻi</w><w n="26" lemma="ka">k </w><w n="27">ko</w><w n="28" lemma="ṇa">ṇ</w><w n="29" lemma="ṭa">ṭa </w><w n="30">vi</w><w n="31">ra</w><w n="32">vi</w><w n="33" lemma="ṉa">ṉ </w><w n="34">vā</w><w n="35">ṭa</w><w n="36">lo</w><w n="37" lemma="ṭu">ṭu </w><w n="38">ni</w><w n="39">la</w><w n="40">vu</w><w n="41">ni</w><w n="42" lemma="ṟa">ṟa </w><w n="43">ve</w><w n="44" lemma="ṇa">ṇ</w><w n="45">ma</w><w n="46">ṇa</w><w n="47" lemma="la">l </w><w n="48">pu</w><w n="49">la</w><w n="50">va</w><w n="51" lemma="pa">p </w><w n="52">pa</w><w n="53">la</w><w n="54">vu</w><w n="55" lemma="ṭa">ṭa </w><w n="56"></w><w n="57">ṉe</w><w n="58" lemma="ka">k</w><w n="59">ka</w><w n="60" lemma="ra">r</w><w n="61">to</w><w n="62">ṟu</w><w n="63" lemma="ma">m </w><w n="64">pa</w><w n="65">ri</w><w n="66" lemma="ka">k</w><w n="67">ku</w><w n="68" lemma="na">n </w><w n="69">tu</w><w n="70">ṟai</w><w n="71">va</w><w n="72" lemma="ṉo">ṉo </w><w n="73">ṭo</w><w n="74">ru</w><w n="75" lemma="nā">nā </w><w n="76"></w><w n="77">ṇa</w><w n="78" lemma="ka">k</w><w n="79">ka</w><w n="80">tō</w><w n="81" lemma="ra">r </w><w n="82">pa</w><w n="83">ḻi</w><w n="84" lemma="yu">yu </w><w n="85">mi</w><w n="86">la</w><w n="87" lemma="mē">mē </w><w n="88">pō</w><w n="89">ta</w><w n="90">vi</w><w n="91" lemma="ḻa">ḻ </w><w n="92">po</w><w n="93" lemma="ṉa">ṉ</w><w n="94">ṉi</w><w n="95">ṇa</w><w n="96" lemma="ra">r </w><w n="97">ma</w><w n="98">rī</w><w n="99">i</w><w n="100" lemma="ya">ya </w><w n="101">pu</w><w n="102" lemma="ḷa">ḷ</w><w n="103">ḷi</w><w n="104">mi</w><w n="105" lemma="ḻa">ḻ </w><w n="106"></w><w n="107">po</w><w n="108" lemma="ṅa">ṅ</w><w n="109">ka</w><w n="110" lemma="ra">r</w><w n="111" lemma="pa">p </w><w n="112">pu</w><w n="113" lemma="ṉa">ṉ</w><w n="114">ṉai</w><w n="115">ya</w><w n="116" lemma="ña">ñ </w><w n="117">cē</w><w n="118" lemma="ri">ri </w><w n="119"></w><w n="120">yi</w><w n="121" lemma="va">v</w><w n="122">vū</w><w n="123" lemma="ra">r </w><w n="124"></w><w n="125">ko</w><w n="126" lemma="ṉa">ṉ</w><w n="127">ṉa</w><w n="128">la</w><w n="129" lemma="ra">r </w><w n="130">tū</w><w n="131" lemma="ṟa">ṟ </w><w n="132">ṟu</w><w n="133" lemma="na">n</w><w n="134">ta</w><w n="135" lemma="ṉa">ṉ </w><w n="136">ko</w><w n="137">ṭu</w><w n="138" lemma="mai">mai </w><w n="139">yā</w><w n="140" lemma="ṉē">ṉē. </w><w n="141"></w><w n="142"></w><w n="143"></w><w n="144"></w><w n="145"></w><w n="146"></w><w n="147"></w><w n="148"></w><w n="149"></w></text></TEI><TEI n="C2ac"><text><w n="0" lemma="pe"> 320. pe</w><w n="1">ru</w><w n="2"></w><w n="3" lemma="ṅa">ṅ</w><w n="4">ka</w><w n="5">ṭa</w><w n="6" lemma="ṟa">ṟ </w><w n="7">pa</w><w n="8">ra</w><w n="9">ta</w><w n="10">va</w><w n="11" lemma="ra">r </w><w n="12">ko</w><w n="13" lemma="ṇa">ṇ</w><w n="14" lemma="mī">mī </w><w n="15">ṉu</w><w n="16">ṇa</w><w n="17" lemma="ṅa">ṅ</w><w n="18" lemma="ka">ka </w><w n="19"></w><w n="20" lemma="li">li </w><w n="21" lemma="ṉa">ṉa </w><w n="22">ru</w><w n="23" lemma="ṅa">ṅ</w><w n="24">ka</w><w n="25">ḻi</w><w n="26" lemma="ka">k </w><w n="27">ko</w><w n="28" lemma="ṇa">ṇ</w><w n="29" lemma="ṭa">ṭa </w><w n="30">vi</w><w n="31">ra</w><w n="32">vi</w><w n="33" lemma="ṉa">ṉ </w><w n="34">vā</w><w n="35">ṭa</w><w n="36">lo</w><w n="37" lemma="ṭu">ṭu </w><w n="38">ni</w><w n="39">la</w><w n="40">vu</w><w n="41">ni</w><w n="42" lemma="ṟa">ṟa </w><w n="43">ve</w><w n="44" lemma="ṇa">ṇ</w><w n="45">ma</w><w n="46">ṇa</w><w n="47" lemma="la">l </w><w n="48">pu</w><w n="49">la</w><w n="50">va</w><w n="51" lemma="pa">p </w><w n="52">pa</w><w n="53">la</w><w n="54">vu</w><w n="55" lemma="ṭa">ṭa </w><w n="56"></w><w n="57">ṉe</w><w n="58" lemma="ka">k</w><w n="59">ka</w><w n="60" lemma="ra">r</w><w n="61">to</w><w n="62">ṟu</w><w n="63" lemma="ma">m </w><w n="64">pa</w><w n="65">ri</w><w n="66" lemma="ka">k</w><w n="67">ku</w><w n="68" lemma="na">n </w><w n="69">tu</w><w n="70">ṟai</w><w n="71">va</w><w n="72" lemma="ṉo">ṉo </w><w n="73">ṭo</w><w n="74">ru</w><w n="75" lemma="nā">nā </w><w n="76"></w><w n="77">ṇa</w><w n="78" lemma="ka">k</w><w n="79">ka</w><w n="80">tō</w><w n="81" lemma="ra">r </w><w n="82">pa</w><w n="83">ḻi</w><w n="84" lemma="yu">yu </w><w n="85">mi</w><w n="86">la</w><w n="87" lemma="mē">mē </w><w n="88">pō</w><w n="89">ta</w><w n="90">vi</w><w n="91" lemma="ḻa">ḻ </w><w n="92">po</w><w n="93" lemma="ṉa">ṉ</w><w n="94">ṉi</w><w n="95">ṇa</w><w n="96" lemma="ra">r </w><w n="97">ma</w><w n="98">rī</w><w n="99">i</w><w n="100" lemma="ya">ya </w><w n="101">pu</w><w n="102" lemma="ḷa">ḷ</w><w n="103">ḷi</w><w n="104">mi</w><w n="105" lemma="ḻa">ḻ </w><w n="106"></w><w n="107">po</w><w n="108" lemma="ṅa">ṅ</w><w n="109">ka</w><w n="110" lemma="ra">r</w><w n="111" lemma="pa">p </w><w n="112">pu</w><w n="113" lemma="ṉa">ṉ</w><w n="114">ṉai</w><w n="115">ya</w><w n="116" lemma="ña">ñ </w><w n="117">cē</w><w n="118" lemma="ri">ri </w><w n="119"></w><w n="120">yi</w><w n="121" lemma="va">v</w><w n="122">vū</w><w n="123" lemma="ra">r</w><w n="124" lemma="ka">k </w><w n="125">ko</w><w n="126" lemma="ṉa">ṉ</w><w n="127">ṉa</w><w n="128">la</w><w n="129" lemma="ra">r </w><w n="130">tū</w><w n="131" lemma="ṟa">ṟ </w><w n="132"></w><w n="133"></w><w n="134"></w><w n="135"></w><w n="136">ko</w><w n="137">ṭu</w><w n="138" lemma="mai">mai </w><w n="139">yā</w><w n="140" lemma="ṉē">ṉē. </w><w n="141"></w><w n="142"></w><w n="143"></w><w n="144"></w><w n="145"></w><w n="146"></w><w n="147"></w><w n="148"></w><w n="149"></w></text></TEI><TEI n="C2pc"><text><w n="0" lemma="pe"> 320. pe</w><w n="1">ru</w><w n="2"></w><w n="3" lemma="ṅa">ṅ</w><w n="4">ka</w><w n="5">ṭa</w><w n="6" lemma="ṟa">ṟ </w><w n="7">pa</w><w n="8">ra</w><w n="9">ta</w><w n="10">va</w><w n="11" lemma="ra">r </w><w n="12">kō</w><w n="13" lemma="ṇa">ṇ</w><w n="14" lemma="mī">mī </w><w n="15">ṉu</w><w n="16">ṇa</w><w n="17" lemma="ṅa">ṅ</w><w n="18" lemma="ka">ka </w><w n="19"></w><w n="20" lemma="li">li </w><w n="21" lemma="ṉa">ṉa </w><w n="22">ru</w><w n="23" lemma="ṅa">ṅ</w><w n="24">ka</w><w n="25">ḻi</w><w n="26" lemma="ka">k </w><w n="27">ko</w><w n="28" lemma="ṇa">ṇ</w><w n="29" lemma="ṭa">ṭa </w><w n="30">vi</w><w n="31">ra</w><w n="32">vi</w><w n="33" lemma="ṉa">ṉ </w><w n="34">vā</w><w n="35">ṭa</w><w n="36">lo</w><w n="37" lemma="ṭu">ṭu </w><w n="38">ni</w><w n="39">la</w><w n="40">vu</w><w n="41">ni</w><w n="42" lemma="ṟa">ṟa </w><w n="43">ve</w><w n="44" lemma="ṇa">ṇ</w><w n="45">ma</w><w n="46">ṇa</w><w n="47" lemma="la">l </w><w n="48">pu</w><w n="49">la</w><w n="50">va</w><w n="51" lemma="pa">p </w><w n="52">pa</w><w n="53">la</w><w n="54">vu</w><w n="55" lemma="ṭa">ṭa </w><w n="56"></w><w n="57">ṉe</w><w n="58" lemma="ka">k</w><w n="59">ka</w><w n="60" lemma="ra">r</w><w n="61">to</w><w n="62">ṟu</w><w n="63" lemma="ma">m </w><w n="64">pa</w><w n="65">ri</w><w n="66" lemma="ka">k</w><w n="67">ku</w><w n="68" lemma="na">n </w><w n="69">tu</w><w n="70">ṟai</w><w n="71">va</w><w n="72" lemma="ṉo">ṉo </w><w n="73">ṭo</w><w n="74">ru</w><w n="75" lemma="nā">nā </w><w n="76"></w><w n="77">ṇa</w><w n="78" lemma="ka">k</w><w n="79">ka</w><w n="80">tō</w><w n="81" lemma="ra">r </w><w n="82">pa</w><w n="83">ḻi</w><w n="84" lemma="yu">yu </w><w n="85">mi</w><w n="86">la</w><w n="87" lemma="mē">mē </w><w n="88">pō</w><w n="89">ta</w><w n="90">vi</w><w n="91" lemma="ḻa">ḻ </w><w n="92">po</w><w n="93" lemma="ṉa">ṉ</w><w n="94">ṉi</w><w n="95">ṇa</w><w n="96" lemma="ra">r </w><w n="97">ma</w><w n="98">rī</w><w n="99">i</w><w n="100" lemma="ya">ya </w><w n="101">pu</w><w n="102" lemma="ḷa">ḷ</w><w n="103">ḷi</w><w n="104">mi</w><w n="105" lemma="ḻa">ḻ </w><w n="106"></w><w n="107">po</w><w n="108" lemma="ṅa">ṅ</w><w n="109">ka</w><w n="110" lemma="ra">r</w><w n="111" lemma="pa">p </w><w n="112">pu</w><w n="113" lemma="ṉa">ṉ</w><w n="114">ṉai</w><w n="115">ya</w><w n="116" lemma="ña">ñ </w><w n="117">cē</w><w n="118" lemma="ri">ri </w><w n="119"></w><w n="120">yi</w><w n="121" lemma="va">v</w><w n="122">vū</w><w n="123" lemma="ra">r</w><w n="124" lemma="ka">k </w><w n="125">ko</w><w n="126" lemma="ṉa">ṉ</w><w n="127">ṉa</w><w n="128">la</w><w n="129" lemma="ra">r </w><w n="130">tū</w><w n="131" lemma="ṟa">ṟ </w><w n="132"></w><w n="133"></w><w n="134"></w><w n="135"></w><w n="136">ko</w><w n="137">ṭu</w><w n="138" lemma="mai">mai </w><w n="139">yā</w><w n="140" lemma="ṉē">ṉē. </w><w n="141"></w><w n="142"></w><w n="143"></w><w n="144"></w><w n="145"></w><w n="146"></w><w n="147"></w><w n="148"></w><w n="149"></w></text></TEI><TEI n="C2-green"><text><w n="0" lemma="pe"> 320. pe</w><w n="1">ru</w><w n="2"></w><w n="3" lemma="ṅa">ṅ</w><w n="4">ka</w><w n="5">ṭa</w><w n="6" lemma="ṟa">ṟ </w><w n="7">pa</w><w n="8">ra</w><w n="9">ta</w><w n="10">va</w><w n="11" lemma="ra">r </w><w n="12">kō</w><w n="13" lemma="ṇa">ṇ</w><w n="14" lemma="mī">mī </w><w n="15">ṉu</w><w n="16">ṇa</w><w n="17" lemma="ṅa">ṅ</w><w n="18" lemma="ka">ka </w><w n="19"></w><w n="20">la</w><w n="21"></w><w n="22">ru</w><w n="23" lemma="ṅa">ṅ</w><w n="24">ka</w><w n="25">ḻi</w><w n="26" lemma="ka">k </w><w n="27">ko</w><w n="28" lemma="ṇa">ṇ</w><w n="29" lemma="ṭa">ṭa </w><w n="30">vi</w><w n="31">ra</w><w n="32">vi</w><w n="33" lemma="ṉa">ṉ </w><w n="34">vā</w><w n="35">ṭa</w><w n="36">lo</w><w n="37" lemma="ṭu">ṭu </w><w n="38">ni</w><w n="39">la</w><w n="40">vu</w><w n="41">ni</w><w n="42" lemma="ṟa">ṟa </w><w n="43">ve</w><w n="44" lemma="ṇa">ṇ</w><w n="45">ma</w><w n="46">ṇa</w><w n="47" lemma="la">l </w><w n="48">pu</w><w n="49">la</w><w n="50">va</w><w n="51" lemma="pa">p </w><w n="52">pa</w><w n="53">la</w><w n="54">vu</w><w n="55" lemma="ṭa">ṭa </w><w n="56"></w><w n="57">ṉe</w><w n="58" lemma="ka">k</w><w n="59">ka</w><w n="60" lemma="ra">r</w><w n="61">to</w><w n="62">ṟu</w><w n="63" lemma="ma">m </w><w n="64">pa</w><w n="65">ri</w><w n="66" lemma="ka">k</w><w n="67">ku</w><w n="68" lemma="na">n </w><w n="69">tu</w><w n="70">ṟai</w><w n="71">va</w><w n="72" lemma="ṉo">ṉo </w><w n="73">ṭo</w><w n="74">ru</w><w n="75" lemma="nā">nā </w><w n="76"></w><w n="77">ṇa</w><w n="78" lemma="ka">k</w><w n="79">ka</w><w n="80">tō</w><w n="81" lemma="ra">r </w><w n="82">pa</w><w n="83">ḻi</w><w n="84" lemma="yu">yu </w><w n="85">mi</w><w n="86">la</w><w n="87" lemma="mē">mē </w><w n="88">pō</w><w n="89">ta</w><w n="90">vi</w><w n="91" lemma="ḻa">ḻ </w><w n="92">po</w><w n="93" lemma="ṉa">ṉ</w><w n="94">ṉi</w><w n="95">ṇa</w><w n="96" lemma="ra">r </w><w n="97">ma</w><w n="98">rī</w><w n="99">i</w><w n="100" lemma="ya">ya </w><w n="101">pu</w><w n="102" lemma="ḷa">ḷ</w><w n="103">ḷi</w><w n="104">mi</w><w n="105" lemma="ḻa">ḻ </w><w n="106"></w><w n="107">po</w><w n="108" lemma="ṅa">ṅ</w><w n="109">ka</w><w n="110" lemma="ra">r</w><w n="111" lemma="pa">p </w><w n="112">pu</w><w n="113" lemma="ṉa">ṉ</w><w n="114">ṉai</w><w n="115">ya</w><w n="116" lemma="ña">ñ </w><w n="117">cē</w><w n="118" lemma="ri">ri </w><w n="119"></w><w n="120">yi</w><w n="121" lemma="va">v</w><w n="122">vū</w><w n="123" lemma="ra">r </w><w n="124"></w><w n="125">ko</w><w n="126" lemma="ṉa">ṉ</w><w n="127">ṉa</w><w n="128">la</w><w n="129" lemma="ra">r </w><w n="130">tū</w><w n="131" lemma="ṟa">ṟ </w><w n="132">ṟu</w><w n="133" lemma="ṅa">ṅa </w><w n="134"></w><w n="135"></w><w n="136">ko</w><w n="137">ṭu</w><w n="138" lemma="mai">mai </w><w n="139">yā</w><w n="140" lemma="ṉē">ṉē. </w><w n="141"></w><w n="142"></w><w n="143"></w><w n="144"></w><w n="145"></w><w n="146"></w><w n="147"></w><w n="148"></w><w n="149"></w></text></TEI><TEI n="EA"><text><w n="0" lemma="pe"> 320. pe</w><w n="1">ru</w><w n="2"></w><w n="3" lemma="ṅa">ṅ</w><w n="4">ka</w><w n="5">ṭa</w><w n="6" lemma="ṟa">ṟ </w><w n="7">pa</w><w n="8">ra</w><w n="9">ta</w><w n="10">va</w><w n="11" lemma="ra">r </w><w n="12">ko</w><w n="13" lemma="ṇa">ṇ</w><w n="14" lemma="mī">mī </w><w n="15">ṉu</w><w n="16">ṇa</w><w n="17" lemma="ṅa">ṅ</w><w n="18">ka</w><w n="19"></w><w n="20" lemma="li">li </w><w n="21">ṉa</w><w n="22">ru</w><w n="23" lemma="ṅa">ṅ</w><w n="24">ka</w><w n="25" lemma="ḻi">ḻi </w><w n="26"></w><w n="27">ko</w><w n="28" lemma="ṇa">ṇ</w><w n="29" lemma="ṭa">ṭa </w><w n="30">vi</w><w n="31">ṟa</w><w n="32">vi</w><w n="33" lemma="ṉa">ṉ </w><w n="34">vā</w><w n="35">ṭa</w><w n="36">lo</w><w n="37" lemma="ṭu">ṭu </w><w n="38">ni</w><w n="39">la</w><w n="40">vu</w><w n="41">ni</w><w n="42" lemma="ṟa">ṟa </w><w n="43">ve</w><w n="44" lemma="ṇa">ṇ</w><w n="45">ma</w><w n="46">ṇa</w><w n="47" lemma="la">l </w><w n="48">pu</w><w n="49" lemma="la">l</w><w n="50">la</w><w n="51" lemma="pa">p </w><w n="52">pa</w><w n="53">la</w><w n="54">vu</w><w n="55" lemma="ṭa">ṭa </w><w n="56"></w><w n="57">ṉe</w><w n="58" lemma="ka">k</w><w n="59">ka</w><w n="60" lemma="ra">r</w><w n="61">to</w><w n="62">ṟu</w><w n="63" lemma="ma">m </w><w n="64">pa</w><w n="65">ri</w><w n="66" lemma="ka">k</w><w n="67">ku</w><w n="68" lemma="na">n </w><w n="69">tu</w><w n="70">ṟai</w><w n="71">va</w><w n="72" lemma="ṉō">ṉō </w><w n="73">ṭo</w><w n="74">ru</w><w n="75" lemma="nā">nā </w><w n="76"></w><w n="77">ṇa</w><w n="78" lemma="ka">k</w><w n="79">ka</w><w n="80">tō</w><w n="81" lemma="ra">r </w><w n="82">pa</w><w n="83">ḻi</w><w n="84" lemma="yu">yu </w><w n="85">mi</w><w n="86">la</w><w n="87" lemma="mē">mē </w><w n="88">pō</w><w n="89">ta</w><w n="90">vi</w><w n="91" lemma="ḻa">ḻ </w><w n="92">po</w><w n="93" lemma="ṉa">ṉ</w><w n="94">ṉi</w><w n="95">ṇa</w><w n="96" lemma="ra">r </w><w n="97">ma</w><w n="98">rī</w><w n="99">i</w><w n="100" lemma="ya">ya </w><w n="101">pu</w><w n="102" lemma="ḷa">ḷ</w><w n="103">ḷi</w><w n="104">mi</w><w n="105" lemma="ḻa">ḻ </w><w n="106"></w><w n="107">po</w><w n="108" lemma="ṅa">ṅ</w><w n="109">ka</w><w n="110" lemma="ra">r</w><w n="111" lemma="pa">p </w><w n="112">pu</w><w n="113" lemma="ṉa">ṉ</w><w n="114">ṉai</w><w n="115">ya</w><w n="116" lemma="ña">ñ </w><w n="117">cē</w><w n="118" lemma="ri">ri </w><w n="119"></w><w n="120">yi</w><w n="121" lemma="va">v</w><w n="122">vū</w><w n="123" lemma="ra">r </w><w n="124"></w><w n="125">ko</w><w n="126" lemma="ṉa">ṉ</w><w n="127">ṉa</w><w n="128">la</w><w n="129" lemma="ra">r </w><w n="130">tū</w><w n="131" lemma="ṟa">ṟ</w><w n="132">ṟu</w><w n="133" lemma="ṅa">ṅ </w><w n="134"></w><w n="135"></w><w n="136">ko</w><w n="137">ṭu</w><w n="138" lemma="mai">mai </w><w n="139">yā</w><w n="140" lemma="ṉē">ṉē.</w><w n="141"></w><w n="142"></w><w n="143"></w><w n="144"></w><w n="145"></w><w n="146"></w><w n="147"></w><w n="148"></w><w n="149"></w></text></TEI><TEI n="C1ac"><text><w n="0" lemma="pe"> pe</w><w n="1">‡</w><w n="2">‡</w><w n="3" lemma="ṅa">ṅ</w><w n="4">ka</w><w n="5">ṭa</w><w n="6" lemma="ṟa">ṟ </w><w n="7">pa</w><w n="8">ra</w><w n="9">ta</w><w n="10">va</w><w n="11" lemma="ra">r </w><w n="12">ko</w><w n="13" lemma="ṇa">ṇ</w><w n="14" lemma="mī">mī </w><w n="15">ṟu</w><w n="16">ṇa</w><w n="17" lemma="ṅa">ṅ</w><w n="18">ka</w><w n="19">‡</w><w n="20" lemma="i">i </w><w n="21">ṉa</w><w n="22">ru</w><w n="23" lemma="ṅa">ṅ</w><w n="24">ka</w><w n="25" lemma="ḻi">ḻi </w><w n="26"></w><w n="27">ko</w><w n="28" lemma="ṇa">ṇ</w><w n="29" lemma="ṭa">ṭa </w><w n="30">vi</w><w n="31">‡</w><w n="32">‡</w><w n="33" lemma="ṉa">ṉ </w><w n="34">vā</w><w n="35">ṭa</w><w n="36">lo</w><w n="37" lemma="ṭu">ṭu </w><w n="38">ni</w><w n="39">la</w><w n="40">vu</w><w n="41">ni</w><w n="42" lemma="ṟa">ṟa </w><w n="43">ve</w><w n="44" lemma="ṇa">ṇ</w><w n="45">ma</w><w n="46">ṇa</w><w n="47" lemma="la">l </w><w n="48">pu</w><w n="49">la</w><w n="50"></w><w n="51" lemma="pa">p </w><w n="52">pa</w><w n="53">la</w><w n="54">vu</w><w n="55" lemma="ṭa">ṭa </w><w n="56"></w><w n="57">ṉe</w><w n="58" lemma="ka">k</w><w n="59">ka</w><w n="60" lemma="ra">r</w><w n="61">to</w><w n="62" lemma="ṟu">ṟu </w><w n="63"></w><w n="64">pa</w><w n="65">ri</w><w n="66" lemma="ka">k</w><w n="67">ku</w><w n="68" lemma="na">n </w><w n="69">tu</w><w n="70">ṟai</w><w n="71">va</w><w n="72" lemma="ṉō">ṉō </w><w n="73">ṭo</w><w n="74">ru</w><w n="75" lemma="nā">nā </w><w n="76"></w><w n="77">ṇa</w><w n="78" lemma="ka">k</w><w n="79">ka</w><w n="80">kō</w><w n="81" lemma="ra">r </w><w n="82">pa</w><w n="83">ḻi</w><w n="84" lemma="yu">yu </w><w n="85">mi</w><w n="86">la</w><w n="87" lemma="mē">mē </w><w n="88">pō</w><w n="89">ta</w><w n="90">vi</w><w n="91" lemma="ḻa">ḻ </w><w n="92">po</w><w n="93" lemma="ṉa">ṉ</w><w n="94">ṉi</w><w n="95">ṇa</w><w n="96" lemma="ra">r </w><w n="97">pu</w><w n="98">rī</w><w n="99">i</w><w n="100" lemma="ya">ya </w><w n="101">pu</w><w n="102" lemma="ḷa">ḷ</w><w n="103">ḷu</w><w n="104">mi</w><w n="105" lemma="ḻa">ḻ</w><w n="106" lemma="pa">p </w><w n="107">po</w><w n="108" lemma="ṅa">ṅ</w><w n="109">ka</w><w n="110" lemma="ra">r</w><w n="111" lemma="pa">p </w><w n="112">pu</w><w n="113" lemma="ṉa">ṉ</w><w n="114">ṉai</w><w n="115">ya</w><w n="116" lemma="ña">ñ </w><w n="117">cē</w><w n="118" lemma="ri">ri </w><w n="119"></w><w n="120">yi</w><w n="121" lemma="va">v</w><w n="122">vū</w><w n="123" lemma="ra">r</w><w n="124" lemma="ka">k </w><w n="125">ko</w><w n="126" lemma="ṉa">ṉ</w><w n="127">ṉa</w><w n="128">la</w><w n="129" lemma="ra">r </w><w n="130">tū</w><w n="131" lemma="ṟa">ṟ</w><w n="132">ṟa</w><w n="133" lemma="ta">t</w><w n="134">ta</w><w n="135" lemma="ṉa">ṉ </w><w n="136">ko</w><w n="137">ṭu</w><w n="138" lemma="mai">mai </w><w n="139">yā</w><w n="140" lemma="ṉē">ṉē. </w><w n="141"></w><w n="142"></w><w n="143"></w><w n="144"></w><w n="145"></w><w n="146"></w><w n="147"></w><w n="148"></w><w n="149"></w></text></TEI><TEI n="C1pc"><text><w n="0" lemma="pe"> pe</w><w n="1">‡</w><w n="2">‡</w><w n="3" lemma="ṅa">ṅ</w><w n="4">ka</w><w n="5">ṭa</w><w n="6" lemma="ṟa">ṟ </w><w n="7">pa</w><w n="8">ra</w><w n="9">ta</w><w n="10">va</w><w n="11" lemma="ra">r </w><w n="12">ko</w><w n="13" lemma="ṇa">ṇ</w><w n="14" lemma="mī">mī </w><w n="15">ṟu</w><w n="16">ṇa</w><w n="17" lemma="ṅa">ṅ</w><w n="18">ka</w><w n="19">‡</w><w n="20" lemma="i">i </w><w n="21">ṉa</w><w n="22">ru</w><w n="23" lemma="ṅa">ṅ</w><w n="24">ka</w><w n="25" lemma="ḻi">ḻi </w><w n="26"></w><w n="27">ko</w><w n="28" lemma="ṇa">ṇ</w><w n="29" lemma="ṭa">ṭa </w><w n="30">vi</w><w n="31">‡</w><w n="32">‡</w><w n="33" lemma="ṉa">ṉ </w><w n="34">vā</w><w n="35">ṭa</w><w n="36">lo</w><w n="37" lemma="ṭu">ṭu </w><w n="38">ni</w><w n="39">la</w><w n="40">vu</w><w n="41">ni</w><w n="42" lemma="ṟa">ṟa </w><w n="43">ve</w><w n="44" lemma="ṇa">ṇ</w><w n="45">ma</w><w n="46">ṇa</w><w n="47" lemma="la">l </w><w n="48">pu</w><w n="49">la</w><w n="50">va</w><w n="51" lemma="pa">p </w><w n="52">pa</w><w n="53">la</w><w n="54">vu</w><w n="55" lemma="ṭa">ṭa </w><w n="56"></w><w n="57">ṉe</w><w n="58" lemma="ka">k</w><w n="59">ka</w><w n="60" lemma="ra">r</w><w n="61">to</w><w n="62" lemma="ṟu">ṟu </w><w n="63"></w><w n="64">pa</w><w n="65">ri</w><w n="66" lemma="ka">k</w><w n="67">ku</w><w n="68" lemma="na">n </w><w n="69">tu</w><w n="70">ṟai</w><w n="71">va</w><w n="72" lemma="ṉō">ṉō </w><w n="73">ṭo</w><w n="74">ru</w><w n="75" lemma="nā">nā </w><w n="76"></w><w n="77">ṇa</w><w n="78" lemma="ka">k</w><w n="79">ka</w><w n="80">kō</w><w n="81" lemma="ra">r </w><w n="82">pa</w><w n="83">ḻi</w><w n="84" lemma="yu">yu </w><w n="85">mi</w><w n="86">la</w><w n="87" lemma="mē">mē </w><w n="88">pō</w><w n="89">ta</w><w n="90">vi</w><w n="91" lemma="ḻa">ḻ </w><w n="92">po</w><w n="93" lemma="ṉa">ṉ</w><w n="94">ṉi</w><w n="95">ṇa</w><w n="96" lemma="ra">r </w><w n="97">pu</w><w n="98">rī</w><w n="99">i</w><w n="100" lemma="ya">ya </w><w n="101">pu</w><w n="102" lemma="ḷa">ḷ</w><w n="103">ḷu</w><w n="104">mi</w><w n="105" lemma="ḻa">ḻ</w><w n="106" lemma="pa">p </w><w n="107">po</w><w n="108" lemma="ṅa">ṅ</w><w n="109">ka</w><w n="110" lemma="ra">r</w><w n="111" lemma="pa">p </w><w n="112">pu</w><w n="113" lemma="ṉa">ṉ</w><w n="114">ṉai</w><w n="115">ya</w><w n="116" lemma="ña">ñ </w><w n="117">cē</w><w n="118" lemma="ri">ri </w><w n="119"></w><w n="120">yi</w><w n="121" lemma="va">v</w><w n="122">vū</w><w n="123" lemma="ra">r</w><w n="124" lemma="ka">k </w><w n="125">ko</w><w n="126" lemma="ṉa">ṉ</w><w n="127">ṉa</w><w n="128">la</w><w n="129" lemma="ra">r </w><w n="130">tū</w><w n="131" lemma="ṟa">ṟ</w><w n="132">ṟa</w><w n="133" lemma="ta">t</w><w n="134">ta</w><w n="135" lemma="ṉa">ṉ </w><w n="136">ko</w><w n="137">ṭu</w><w n="138" lemma="mai">mai </w><w n="139">yā</w><w n="140" lemma="ṉē">ṉē. </w><w n="141"></w><w n="142"></w><w n="143"></w><w n="144"></w><w n="145"></w><w n="146"></w><w n="147"></w><w n="148"></w><w n="149"></w></text></TEI><TEI n="G1ac"><text><w n="0" lemma="pe"> 319. pe</w><w n="1">ru</w><w n="2"></w><w n="3" lemma="ṅa">ṅ</w><w n="4">ka</w><w n="5">ṭa</w><w n="6" lemma="ṟa">ṟ </w><w n="7">pa</w><w n="8">ra</w><w n="9">ta</w><w n="10">va</w><w n="11" lemma="ra">r </w><w n="12">ko</w><w n="13" lemma="ṇa">ṇ</w><w n="14" lemma="mī">mī </w><w n="15">ṉu</w><w n="16">ṇa</w><w n="17" lemma="ṅa">ṅ</w><w n="18">ka</w><w n="19"></w><w n="20" lemma="li">li/ </w><w n="21">ṉa</w><w n="22">ru</w><w n="23" lemma="ṅa">ṅ</w><w n="24">ki</w><w n="25" lemma="ḻi">ḻi </w><w n="26"></w><w n="27">ko</w><w n="28" lemma="ṇa">ṇ</w><w n="29" lemma="ṭa">ṭa </w><w n="30">vi</w><w n="31">ṟa</w><w n="32">vi</w><w n="33" lemma="ṉa">ṉ </w><w n="34">vā</w><w n="35">ṭa</w><w n="36">lo</w><w n="37" lemma="ṭu">ṭu/ </w><w n="38">ni</w><w n="39">la</w><w n="40">vu</w><w n="41">ni</w><w n="42" lemma="ṟa">ṟa </w><w n="43">ve</w><w n="44" lemma="ṇa">ṇ</w><w n="45">ma</w><w n="46">ṇa</w><w n="47" lemma="la">l </w><w n="48">pu</w><w n="49">la</w><w n="50">va</w><w n="51" lemma="pa">p </w><w n="52">pa</w><w n="53">la</w><w n="54">vu</w><w n="55" lemma="ṭa">ṭa/ </w><w n="56"></w><w n="57">ṉe</w><w n="58" lemma="ka">k</w><w n="59">ka</w><w n="60" lemma="ra">r</w><w n="61">tō</w><w n="62">ṟu</w><w n="63" lemma="ma">m </w><w n="64">pa</w><w n="65">ri</w><w n="66" lemma="ka">k</w><w n="67">ku</w><w n="68" lemma="na">n </w><w n="69">tu</w><w n="70">ṟai</w><w n="71">va</w><w n="72" lemma="ṉō">ṉō/ </w><w n="73">ṭo</w><w n="74">ru</w><w n="75" lemma="nā">nā </w><w n="76"></w><w n="77">ṇa</w><w n="78" lemma="ka">k</w><w n="79">ka</w><w n="80">tō</w><w n="81" lemma="ra">r </w><w n="82">pa</w><w n="83">ḻi</w><w n="84" lemma="yu">yu </w><w n="85">mi</w><w n="86">la</w><w n="87" lemma="mē">mē/ </w><w n="88">pō</w><w n="89">ta</w><w n="90">vi</w><w n="91" lemma="ḻa">ḻ </w><w n="92">po</w><w n="93" lemma="ṉa">ṉ</w><w n="94">ṉi</w><w n="95">ṇa</w><w n="96" lemma="ra">r </w><w n="97">ma</w><w n="98">rī</w><w n="99">i</w><w n="100" lemma="ya">ya </w><w n="101">pu</w><w n="102" lemma="ḷa">ḷ</w><w n="103">ḷu</w><w n="104">mi</w><w n="105" lemma="ḻa">ḻ</w><w n="106" lemma="pa">p/ </w><w n="107">po</w><w n="108" lemma="ṅa">ṅ</w><w n="109">ka</w><w n="110" lemma="ra">r</w><w n="111" lemma="pa">p </w><w n="112">pu</w><w n="113" lemma="ṉa">ṉ</w><w n="114">ṉai</w><w n="115">ya</w><w n="116" lemma="ña">ñ </w><w n="117">ce</w><w n="118" lemma="ri">ri </w><w n="119"></w><w n="120">yi</w><w n="121" lemma="va">v</w><w n="122">vū</w><w n="123" lemma="ra">r</w><w n="124" lemma="ka">k/ </w><w n="125">ko</w><w n="126" lemma="ṉa">ṉ</w><w n="127">ṉa</w><w n="128">la</w><w n="129" lemma="ra">r </w><w n="130">tū</w><w n="131" lemma="ra">r</w><w n="132"></w><w n="133" lemma="ta">t</w><w n="134">ta</w><w n="135" lemma="ṉa">ṉ </w><w n="136">ko</w><w n="137">ṭu</w><w n="138" lemma="mai">mai </w><w n="139">yā</w><w n="140" lemma="ṉē">ṉē.</w><w n="141"></w><w n="142"></w><w n="143"></w><w n="144"></w><w n="145"></w><w n="146"></w><w n="147"></w><w n="148"></w><w n="149"></w></text></TEI><TEI n="G1pc"><text><w n="0" lemma="pe"> 319. pe</w><w n="1">ru</w><w n="2"></w><w n="3" lemma="ṅa">ṅ</w><w n="4">ka</w><w n="5">ṭa</w><w n="6" lemma="ṟa">ṟ </w><w n="7">pa</w><w n="8">ra</w><w n="9">ta</w><w n="10">va</w><w n="11" lemma="ra">r </w><w n="12">ko</w><w n="13" lemma="ṇa">ṇ</w><w n="14" lemma="mī">mī </w><w n="15">ṉu</w><w n="16">ṇa</w><w n="17" lemma="ṅa">ṅ</w><w n="18">ka</w><w n="19"></w><w n="20" lemma="li">li/ </w><w n="21">ṉa</w><w n="22">ru</w><w n="23" lemma="ṅa">ṅ</w><w n="24">ki</w><w n="25" lemma="ḻi">ḻi </w><w n="26"></w><w n="27">ko</w><w n="28" lemma="ṇa">ṇ</w><w n="29" lemma="ṭa">ṭa </w><w n="30">vi</w><w n="31">ṟa</w><w n="32">vi</w><w n="33" lemma="ṉa">ṉ </w><w n="34">vā</w><w n="35">ṭa</w><w n="36">lo</w><w n="37" lemma="ṭu">ṭu/ </w><w n="38">ni</w><w n="39">la</w><w n="40">vu</w><w n="41">ni</w><w n="42" lemma="ṟa">ṟa </w><w n="43">ve</w><w n="44" lemma="ṇa">ṇ</w><w n="45">ma</w><w n="46">ṇa</w><w n="47" lemma="la">l </w><w n="48">pu</w><w n="49" lemma="la">l</w><w n="50">la</w><w n="51" lemma="pa">p </w><w n="52">pa</w><w n="53">la</w><w n="54">vu</w><w n="55" lemma="ṭa">ṭa/ </w><w n="56"></w><w n="57">ṉe</w><w n="58" lemma="ka">k</w><w n="59">ka</w><w n="60" lemma="ra">r</w><w n="61">tō</w><w n="62">ṟu</w><w n="63" lemma="ma">m </w><w n="64">pa</w><w n="65">ri</w><w n="66" lemma="ka">k</w><w n="67">ku</w><w n="68" lemma="na">n </w><w n="69">tu</w><w n="70">ṟai</w><w n="71">va</w><w n="72" lemma="ṉō">ṉō/ </w><w n="73">ṭo</w><w n="74">ru</w><w n="75" lemma="nā">nā </w><w n="76"></w><w n="77">ṇa</w><w n="78" lemma="ka">k</w><w n="79">ka</w><w n="80">tō</w><w n="81" lemma="ra">r </w><w n="82">pa</w><w n="83">ḻi</w><w n="84" lemma="yu">yu </w><w n="85">mi</w><w n="86">la</w><w n="87" lemma="mē">mē/ </w><w n="88">pō</w><w n="89">ta</w><w n="90">vi</w><w n="91" lemma="ḻa">ḻ </w><w n="92">po</w><w n="93" lemma="ṉa">ṉ</w><w n="94">ṉi</w><w n="95">ṇa</w><w n="96" lemma="ra">r </w><w n="97">ma</w><w n="98">rī</w><w n="99">i</w><w n="100" lemma="ya">ya </w><w n="101">pu</w><w n="102" lemma="ḷa">ḷ</w><w n="103">ḷu</w><w n="104">mi</w><w n="105" lemma="ḻa">ḻ</w><w n="106" lemma="pa">p/ </w><w n="107">po</w><w n="108" lemma="ṅa">ṅ</w><w n="109">ka</w><w n="110" lemma="ra">r</w><w n="111" lemma="pa">p </w><w n="112">pu</w><w n="113" lemma="ṉa">ṉ</w><w n="114">ṉai</w><w n="115">ya</w><w n="116" lemma="ña">ñ </w><w n="117">ce</w><w n="118" lemma="ri">ri </w><w n="119"></w><w n="120">yi</w><w n="121" lemma="va">v</w><w n="122">vū</w><w n="123" lemma="ra">r</w><w n="124" lemma="ka">k/ </w><w n="125">ko</w><w n="126" lemma="ṉa">ṉ</w><w n="127">ṉa</w><w n="128">la</w><w n="129" lemma="ra">r </w><w n="130">tū</w><w n="131" lemma="ra">r</w><w n="132"></w><w n="133" lemma="ta">t</w><w n="134">ta</w><w n="135" lemma="ṉa">ṉ </w><w n="136">ko</w><w n="137">ṭu</w><w n="138" lemma="mai">mai </w><w n="139">yā</w><w n="140" lemma="ṉē">ṉē.</w><w n="141"></w><w n="142"></w><w n="143"></w><w n="144"></w><w n="145"></w><w n="146"></w><w n="147"></w><w n="148"></w><w n="149"></w></text></TEI><TEI n="C3ac"><text><w n="0" lemma="pe"> pe</w><w n="1">ru</w><w n="2"></w><w n="3" lemma="ṅa">ṅ</w><w n="4">ka</w><w n="5">ṭa</w><w n="6" lemma="ṟa">ṟ </w><w n="7">pa</w><w n="8">ra</w><w n="9">ta</w><w n="10">va</w><w n="11" lemma="ra">r </w><w n="12">ko</w><w n="13" lemma="ṇa">ṇ</w><w n="14" lemma="mī">mī </w><w n="15">ṉu</w><w n="16">ṇa</w><w n="17" lemma="ṅa">ṅ</w><w n="18">ka</w><w n="19"></w><w n="20" lemma="li">li, </w><w n="21">ṉa</w><w n="22">ru</w><w n="23">ṅa</w><w n="24">ka</w><w n="25" lemma="ḻi">ḻi </w><w n="26"></w><w n="27">ko</w><w n="28" lemma="ṇa">ṇ</w><w n="29" lemma="ṭa">ṭa </w><w n="30">vi</w><w n="31">ṟa</w><w n="32">vi</w><w n="33" lemma="ṉa">ṉ </w><w n="34">vā</w><w n="35">ta</w><w n="36">lo</w><w n="37" lemma="ṭu">ṭu </w><w n="38">ni</w><w n="39">la</w><w n="40">vu</w><w n="41">ni</w><w n="42" lemma="ṟa">ṟa </w><w n="43">ve</w><w n="44" lemma="ṇa">ṇ</w><w n="45">ma</w><w n="46">ṇa</w><w n="47" lemma="la">l </w><w n="48">pu</w><w n="49"></w><w n="50"></w><w n="51" lemma="pa">p </w><w n="52">pa</w><w n="53">la</w><w n="54">vu</w><w n="55" lemma="ṭa">ṭa </w><w n="56"></w><w n="57">ṉe</w><w n="58" lemma="ka">k</w><w n="59">ka</w><w n="60" lemma="ra">r</w><w n="61">to</w><w n="62" lemma="ṟu">ṟu </w><w n="63"></w><w n="64">pa</w><w n="65" lemma="ri">ri </w><w n="66"></w><w n="67"></w><w n="68"></w><w n="69">tu</w><w n="70">ṟai</w><w n="71">va</w><w n="72" lemma="ṉo">ṉo, </w><w n="73">ṭo</w><w n="74">ru</w><w n="75" lemma="nā">nā, </w><w n="76"></w><w n="77">ṇa</w><w n="78" lemma="ka">k</w><w n="79">ka</w><w n="80">tō</w><w n="81" lemma="ra">r </w><w n="82">pa</w><w n="83">ḻi</w><w n="84" lemma="yu">yu </w><w n="85">mi</w><w n="86">la</w><w n="87" lemma="mē">mē </w><w n="88">pō</w><w n="89">ta</w><w n="90">vi</w><w n="91" lemma="ḻa">ḻ, </w><w n="92">po</w><w n="93" lemma="ṉa">ṉ</w><w n="94">ṉi</w><w n="95">ṇa</w><w n="96" lemma="ra">r </w><w n="97">ma</w><w n="98">rī</w><w n="99">i</w><w n="100" lemma="ya">ya </w><w n="101">pu</w><w n="102" lemma="ḷa">ḷ</w><w n="103">ḷu</w><w n="104">mi</w><w n="105" lemma="ḻa">ḻ </w><w n="106"></w><w n="107">po</w><w n="108" lemma="ṅa">ṅ</w><w n="109">ka</w><w n="110" lemma="ra">r</w><w n="111" lemma="pa">p, </w><w n="112">pu</w><w n="113" lemma="ṉa">ṉ</w><w n="114">ṉai</w><w n="115">ya</w><w n="116" lemma="ña">ñ </w><w n="117">cē</w><w n="118">ri</w><w n="119" lemma="yu">yu </w><w n="120">yi</w><w n="121">vu</w><w n="122">vū</w><w n="123" lemma="ra">r</w><w n="124" lemma="ka">k, </w><w n="125">ko</w><w n="126" lemma="ṉa">ṉ</w><w n="127">ṉa</w><w n="128">la</w><w n="129" lemma="ra">r </w><w n="130">tū</w><w n="131" lemma="ṟa">ṟ</w><w n="132">ṟa</w><w n="133" lemma="ta">t</w><w n="134">ta</w><w n="135" lemma="ṉa">ṉ </w><w n="136">ko</w><w n="137">ṭu</w><w n="138" lemma="mai">mai </w><w n="139">yā</w><w n="140" lemma="ṉē">ṉē. </w><w n="141"></w><w n="142"></w><w n="143"></w><w n="144"></w><w n="145"></w><w n="146"></w><w n="147"></w><w n="148"></w><w n="149"></w></text></TEI><TEI n="C3pc"><text><w n="0" lemma="pe"> pe</w><w n="1">ru</w><w n="2"></w><w n="3" lemma="ṅa">ṅ</w><w n="4">ka</w><w n="5">ṭa</w><w n="6" lemma="ṟa">ṟ </w><w n="7">pa</w><w n="8">ra</w><w n="9">ta</w><w n="10">va</w><w n="11" lemma="ra">r </w><w n="12">ko</w><w n="13" lemma="ṇa">ṇ</w><w n="14" lemma="mī">mī </w><w n="15">ṉu</w><w n="16">ṇa</w><w n="17" lemma="ṅa">ṅ</w><w n="18">ka</w><w n="19"></w><w n="20" lemma="li">li, </w><w n="21">ṉa</w><w n="22">ru</w><w n="23">ṅa</w><w n="24">ka</w><w n="25">ḻi</w><w n="26" lemma="ka">k </w><w n="27">ko</w><w n="28" lemma="ṇa">ṇ</w><w n="29" lemma="ṭa">ṭa </w><w n="30">vi</w><w n="31">ṟa</w><w n="32">vi</w><w n="33" lemma="ṉa">ṉ </w><w n="34">vā</w><w n="35">ta</w><w n="36">lo</w><w n="37" lemma="ṭu">ṭu </w><w n="38">ni</w><w n="39">la</w><w n="40">vu</w><w n="41">ni</w><w n="42" lemma="ṟa">ṟa </w><w n="43">ve</w><w n="44" lemma="ṇa">ṇ</w><w n="45">ma</w><w n="46">ṇa</w><w n="47" lemma="la">l </w><w n="48">pu</w><w n="49"></w><w n="50"></w><w n="51" lemma="pa">p </w><w n="52">pa</w><w n="53">la</w><w n="54">vu</w><w n="55" lemma="ṭa">ṭa </w><w n="56"></w><w n="57">ṉe</w><w n="58" lemma="ka">k</w><w n="59">ka</w><w n="60" lemma="ra">r</w><w n="61">to</w><w n="62" lemma="ṟu">ṟu(</w><w n="63" lemma="ma">m) </w><w n="64">pa</w><w n="65" lemma="ra">ra </w><w n="66"></w><w n="67"></w><w n="68"></w><w n="69">tu</w><w n="70">ṟai</w><w n="71">va</w><w n="72" lemma="ṉo">ṉo </w><w n="73">ṭo</w><w n="74">ru</w><w n="75" lemma="nā">nā, </w><w n="76"></w><w n="77">ṇa</w><w n="78" lemma="ka">k</w><w n="79">ka</w><w n="80">tō</w><w n="81" lemma="ra">r </w><w n="82">pa</w><w n="83">ḻi</w><w n="84" lemma="yu">yu </w><w n="85">mi</w><w n="86">la</w><w n="87" lemma="mē">mē </w><w n="88">pō</w><w n="89">ta</w><w n="90">vi</w><w n="91" lemma="ḻa">ḻ, </w><w n="92">po</w><w n="93" lemma="ṉa">ṉ</w><w n="94">ṉi</w><w n="95">ṇa</w><w n="96" lemma="ra">r </w><w n="97">ma</w><w n="98">rī</w><w n="99">i</w><w n="100" lemma="ya">ya </w><w n="101">pu</w><w n="102" lemma="ḷa">ḷ</w><w n="103">ḷi</w><w n="104">mi</w><w n="105" lemma="ḻa">ḻ </w><w n="106"></w><w n="107">po</w><w n="108" lemma="ṅa">ṅ</w><w n="109">ka</w><w n="110" lemma="ra">r</w><w n="111" lemma="pa">p, </w><w n="112">pu</w><w n="113" lemma="ṉa">ṉ</w><w n="114">ṉai</w><w n="115">ya</w><w n="116" lemma="ña">ñ </w><w n="117">cē</w><w n="118" lemma="ri">ri </w><w n="119"></w><w n="120">yi</w><w n="121" lemma="va">v</w><w n="122">vu</w><w n="123" lemma="ra">r</w><w n="124" lemma="ka">k, </w><w n="125">ko</w><w n="126" lemma="ṉa">ṉ</w><w n="127">ṉa</w><w n="128">la</w><w n="129" lemma="ra">r </w><w n="130">tū</w><w n="131" lemma="ṟa">ṟ</w><w n="132">ṟa</w><w n="133" lemma="ta">t</w><w n="134">ta</w><w n="135" lemma="ṉa">ṉ </w><w n="136">ko</w><w n="137">ṭu</w><w n="138" lemma="mai">mai </w><w n="139">yā</w><w n="140" lemma="ṉē">ṉē. </w><w n="141"></w><w n="142"></w><w n="143"></w><w n="144"></w><w n="145"></w><w n="146"></w><w n="147"></w><w n="148"></w><w n="149"></w></text></TEI><TEI n="G2ac"><text><w n="0" lemma="pe"> 319. pe</w><w n="1">ru</w><w n="2"></w><w n="3" lemma="ṅa">ṅ</w><w n="4">ka</w><w n="5">ṭa</w><w n="6" lemma="ṟa">ṟ </w><w n="7">pa</w><w n="8">ra</w><w n="9">ta</w><w n="10">va</w><w n="11" lemma="ra">r </w><w n="12">ko</w><w n="13" lemma="ṇa">ṇ</w><w n="14" lemma="mī">mī </w><w n="15">ṉu</w><w n="16">ṇa</w><w n="17" lemma="ṅa">ṅ</w><w n="18">ka</w><w n="19"></w><w n="20" lemma="li">li </w><w n="21">ṉa</w><w n="22">ru</w><w n="23" lemma="ṅa">ṅ</w><w n="24">ka</w><w n="25" lemma="ḻi">ḻi </w><w n="26"></w><w n="27">ko</w><w n="28" lemma="ṇa">ṇ</w><w n="29" lemma="ṭa">ṭa </w><w n="30">vi</w><w n="31">ṟa</w><w n="32">vi</w><w n="33" lemma="ṉa">ṉ </w><w n="34">vā</w><w n="35">ṭa</w><w n="36">lo</w><w n="37" lemma="ṭu">ṭu </w><w n="38"></w><w n="39"></w><w n="40"></w><w n="41"></w><w n="42"></w><w n="43"></w><w n="44"></w><w n="45"></w><w n="46"></w><w n="47"></w><w n="48">pu</w><w n="49" lemma="la">l</w><w n="50">la</w><w n="51" lemma="pa">p </w><w n="52">pa</w><w n="53">la</w><w n="54">vu</w><w n="55">ṭa</w><w n="56" lemma="ṉa">ṉ </w><w n="57">ṉe</w><w n="58" lemma="ka">k</w><w n="59">ka</w><w n="60" lemma="ra">r</w><w n="61">tō</w><w n="62">ṟu</w><w n="63" lemma="ma">m </w><w n="64">pa</w><w n="65">ri</w><w n="66" lemma="ka">k</w><w n="67">ku</w><w n="68" lemma="na">n </w><w n="69">tu</w><w n="70">ṟai</w><w n="71">va</w><w n="72" lemma="ṉō">ṉō </w><w n="73">ṭo</w><w n="74">ru</w><w n="75" lemma="nā">nā </w><w n="76"></w><w n="77">na</w><w n="78" lemma="ka">k</w><w n="79">ka</w><w n="80">tō</w><w n="81" lemma="ra">r </w><w n="82">pa</w><w n="83">ḻi</w><w n="84" lemma="yu">yu </w><w n="85">mi</w><w n="86">la</w><w n="87" lemma="mē">mē </w><w n="88">pō</w><w n="89">ta</w><w n="90">vi</w><w n="91" lemma="ḻa">ḻ </w><w n="92">po</w><w n="93" lemma="ṉa">ṉ</w><w n="94">ṉi</w><w n="95">na</w><w n="96" lemma="ra">r </w><w n="97">ma</w><w n="98">rī</w><w n="99">i</w><w n="100" lemma="ya">ya </w><w n="101">pu</w><w n="102" lemma="ḷa">ḷ</w><w n="103">ḷu</w><w n="104">mi</w><w n="105" lemma="ḻa">ḻ </w><w n="106"></w><w n="107">po</w><w n="108" lemma="ṅa">ṅ</w><w n="109">ka</w><w n="110" lemma="ra">r</w><w n="111" lemma="pa">p </w><w n="112">pu</w><w n="113" lemma="ṉa">ṉ</w><w n="114">ṉai</w><w n="115">ya</w><w n="116" lemma="ña">ñ </w><w n="117">cē</w><w n="118" lemma="ri">ri </w><w n="119"></w><w n="120">yi</w><w n="121" lemma="va">v</w><w n="122">vū</w><w n="123" lemma="ra">r </w><w n="124"></w><w n="125">ko</w><w n="126" lemma="ṉa">ṉ</w><w n="127">ṉa</w><w n="128">la</w><w n="129" lemma="ra">r </w><w n="130">tū</w><w n="131" lemma="ṟa">ṟ</w><w n="132">ṟu</w><w n="133" lemma="na">n</w><w n="134">ta</w><w n="135" lemma="ṉa">ṉ </w><w n="136">ko</w><w n="137">ṭu</w><w n="138" lemma="mai">mai </w><w n="139">yā</w><w n="140" lemma="ṉē">ṉē―</w><w n="141"></w><w n="142"></w><w n="143"></w><w n="144"></w><w n="145"></w><w n="146"></w><w n="147"></w><w n="148"></w><w n="149"></w></text></TEI><TEI n="G2pc"><text><w n="0" lemma="pe"> 319. pe</w><w n="1">ru</w><w n="2"></w><w n="3" lemma="ṅa">ṅ</w><w n="4">ka</w><w n="5">ṭa</w><w n="6" lemma="ṟa">ṟ </w><w n="7">pa</w><w n="8">ra</w><w n="9">ta</w><w n="10">va</w><w n="11" lemma="ra">r </w><w n="12">ko</w><w n="13" lemma="ṇa">ṇ</w><w n="14" lemma="mī">mī </w><w n="15">ṉu</w><w n="16">ṇa</w><w n="17" lemma="ṅa">ṅ</w><w n="18">ka</w><w n="19"></w><w n="20" lemma="li">li </w><w n="21">ṉa</w><w n="22">ru</w><w n="23" lemma="ṅa">ṅ</w><w n="24">ka</w><w n="25" lemma="ḻi">ḻi </w><w n="26"></w><w n="27">ko</w><w n="28" lemma="ṇa">ṇ</w><w n="29" lemma="ṭa">ṭa </w><w n="30">vi</w><w n="31">ṟa</w><w n="32">vi</w><w n="33" lemma="ṉa">ṉ </w><w n="34">vā</w><w n="35">ṭa</w><w n="36">lo</w><w n="37" lemma="ṭu">ṭu </w><w n="38"></w><w n="39"></w><w n="40"></w><w n="41"></w><w n="42"></w><w n="43"></w><w n="44"></w><w n="45"></w><w n="46"></w><w n="47"></w><w n="48">pu</w><w n="49">la</w><w n="50">va</w><w n="51" lemma="pa">p </w><w n="52">pa</w><w n="53">la</w><w n="54">vu</w><w n="55">ṭa</w><w n="56" lemma="ṉa">ṉ </w><w n="57">ṉe</w><w n="58" lemma="ka">k</w><w n="59">ka</w><w n="60" lemma="ra">r</w><w n="61">tō</w><w n="62">ṟu</w><w n="63" lemma="ma">m </w><w n="64">pa</w><w n="65">ri</w><w n="66" lemma="ka">k</w><w n="67">ku</w><w n="68" lemma="na">n </w><w n="69">tu</w><w n="70">ṟai</w><w n="71">va</w><w n="72" lemma="ṉō">ṉō </w><w n="73">ṭo</w><w n="74">ru</w><w n="75" lemma="nā">nā </w><w n="76"></w><w n="77">na</w><w n="78" lemma="ka">k</w><w n="79">ka</w><w n="80">tō</w><w n="81" lemma="ra">r </w><w n="82">pa</w><w n="83">ḻi</w><w n="84" lemma="yu">yu </w><w n="85">mi</w><w n="86">la</w><w n="87" lemma="mē">mē </w><w n="88">pō</w><w n="89">ta</w><w n="90">vi</w><w n="91" lemma="ḻa">ḻ </w><w n="92">po</w><w n="93" lemma="ṉa">ṉ</w><w n="94">ṉi</w><w n="95">na</w><w n="96" lemma="ra">r </w><w n="97">ma</w><w n="98">rī</w><w n="99">i</w><w n="100" lemma="ya">ya </w><w n="101">pu</w><w n="102" lemma="ḷa">ḷ</w><w n="103">ḷi</w><w n="104">mi</w><w n="105" lemma="ḻa">ḻ </w><w n="106"></w><w n="107">po</w><w n="108" lemma="ṅa">ṅ</w><w n="109">ka</w><w n="110" lemma="ra">r</w><w n="111" lemma="pa">p </w><w n="112">pu</w><w n="113" lemma="ṉa">ṉ</w><w n="114">ṉai</w><w n="115">ya</w><w n="116" lemma="ña">ñ </w><w n="117">cē</w><w n="118" lemma="ri">ri </w><w n="119"></w><w n="120">yi</w><w n="121" lemma="va">v</w><w n="122">vū</w><w n="123" lemma="ra">r </w><w n="124"></w><w n="125">ko</w><w n="126" lemma="ṉa">ṉ</w><w n="127">ṉa</w><w n="128">la</w><w n="129" lemma="ra">r </w><w n="130">tū</w><w n="131" lemma="ṟa">ṟ</w><w n="132">ṟu</w><w n="133" lemma="na">n</w><w n="134">ta</w><w n="135" lemma="ṉa">ṉ </w><w n="136">ko</w><w n="137">ṭu</w><w n="138" lemma="mai">mai </w><w n="139">yā</w><w n="140" lemma="ṉē">ṉē―</w><w n="141"></w><w n="142"></w><w n="143"></w><w n="144"></w><w n="145"></w><w n="146"></w><w n="147"></w><w n="148"></w><w n="149"></w></text></TEI><TEI n="Ed"><text><w n="0" lemma="pe"> pe</w><w n="1">ru</w><w n="2"></w><w n="3" lemma="ṅa">ṅ</w><w n="4">ka</w><w n="5">ṭa</w><w n="6" lemma="ṟa">ṟ </w><w n="7">pa</w><w n="8">ra</w><w n="9">ta</w><w n="10">va</w><w n="11" lemma="ra">r </w><w n="12">ko</w><w n="13" lemma="ṇa">ṇ</w><w n="14" lemma="mī">mī </w><w n="15">ṉu</w><w n="16">ṇa</w><w n="17" lemma="ṅa">ṅ</w><w n="18">ka</w><w n="19"></w><w n="20" lemma="li">li </w><w n="21">ṉa</w><w n="22">ru</w><w n="23" lemma="ṅa">ṅ</w><w n="24">ka</w><w n="25">ḻi</w><w n="26" lemma="ka">k </w><w n="27">ko</w><w n="28" lemma="ṇa">ṇ</w><w n="29" lemma="ṭa">ṭa </w><w n="30">vi</w><w n="31">ṟa</w><w n="32">vi</w><w n="33" lemma="ṉa">ṉ </w><w n="34">vā</w><w n="35">ṭa</w><w n="36">lo</w><w n="37" lemma="ṭu">ṭu </w><w n="38">ni</w><w n="39">la</w><w n="40">vu</w><w n="41">ni</w><w n="42" lemma="ṟa">ṟa </w><w n="43">ve</w><w n="44" lemma="ṇa">ṇ</w><w n="45">ma</w><w n="46">ṇa</w><w n="47" lemma="la">l </w><w n="48">pu</w><w n="49">la</w><w n="50">va</w><w n="51" lemma="pa">p </w><w n="52">pa</w><w n="53">la</w><w n="54">vu</w><w n="55" lemma="ṭa">ṭa </w><w n="56"></w><w n="57">ṉe</w><w n="58" lemma="ka">k</w><w n="59">ka</w><w n="60" lemma="ra">r</w><w n="61">to</w><w n="62">ṟu</w><w n="63" lemma="ma">m </w><w n="64">pa</w><w n="65">ri</w><w n="66" lemma="ka">k</w><w n="67">ku</w><w n="68" lemma="na">n </w><w n="69">tu</w><w n="70">ṟai</w><w n="71">va</w><w n="72" lemma="ṉō">ṉō </w><w n="73">ṭo</w><w n="74">ru</w><w n="75" lemma="nā">nā </w><w n="76"></w><w n="77">ṇa</w><w n="78" lemma="ka">k</w><w n="79">ka</w><w n="80">tō</w><w n="81" lemma="ra">r </w><w n="82">pa</w><w n="83">ḻi</w><w n="84" lemma="yu">yu </w><w n="85">mi</w><w n="86">la</w><w n="87" lemma="mē">mē </w><w n="88">pō</w><w n="89">ta</w><w n="90">vi</w><w n="91" lemma="ḻa">ḻ </w><w n="92">po</w><w n="93" lemma="ṉa">ṉ</w><w n="94">ṉi</w><w n="95">ṇa</w><w n="96" lemma="ra">r </w><w n="97">ma</w><w n="98">rī</w><w n="99">i</w><w n="100" lemma="ya">ya </w><w n="101">pu</w><w n="102" lemma="ḷa">ḷ</w><w n="103">ḷi</w><w n="104">mi</w><w n="105" lemma="ḻa">ḻ </w><w n="106"></w><w n="107">po</w><w n="108" lemma="ṅa">ṅ</w><w n="109">ka</w><w n="110" lemma="ra">r</w><w n="111" lemma="pa">p </w><w n="112">pu</w><w n="113" lemma="ṉa">ṉ</w><w n="114">ṉai</w><w n="115">ya</w><w n="116" lemma="ña">ñ </w><w n="117">cē</w><w n="118" lemma="ri">ri </w><w n="119"></w><w n="120">yi</w><w n="121" lemma="va">v</w><w n="122">vū</w><w n="123" lemma="ra">r </w><w n="124"></w><w n="125">ko</w><w n="126" lemma="ṉa">ṉ</w><w n="127">ṉa</w><w n="128">la</w><w n="129" lemma="ra">r </w><w n="130">tū</w><w n="131" lemma="ṟa">ṟ</w><w n="132">ṟu</w><w n="133" lemma="na">n</w><w n="134">ta</w><w n="135" lemma="ṉa">ṉ </w><w n="136">ko</w><w n="137">ṭu</w><w n="138" lemma="mai">mai </w><w n="139">yā</w><w n="140" lemma="ṉē">ṉē. </w><w n="141"></w><w n="142"></w><w n="143"></w><w n="144"></w><w n="145"></w><w n="146"></w><w n="147"></w><w n="148"></w><w n="149"></w></text></TEI><TEI n="Cam"><text><w n="0" lemma="pe"> 320. pe</w><w n="1">ru</w><w n="2"></w><w n="3" lemma="ṅa">ṅ</w><w n="4">ka</w><w n="5">ṭa</w><w n="6" lemma="ṟa">ṟ </w><w n="7">pa</w><w n="8">ra</w><w n="9">ta</w><w n="10">va</w><w n="11" lemma="ra">r </w><w n="12">ko</w><w n="13" lemma="ṇa">ṇ</w><w n="14" lemma="mī">mī </w><w n="15">ṉu</w><w n="16">ṇa</w><w n="17" lemma="ṅa">ṅ</w><w n="18">ka</w><w n="19"></w><w n="20" lemma="la">l a</w><w n="21"></w><w n="22">ru</w><w n="23" lemma="ṅa">ṅ</w><w n="24">ka</w><w n="25">ḻi</w><w n="26" lemma="ka">k </w><w n="27">ko</w><w n="28" lemma="ṇa">ṇ</w><w n="29" lemma="ṭa">ṭa </w><w n="30">vi</w><w n="31">ṟa</w><w n="32">vi</w><w n="33" lemma="ṉa">ṉ </w><w n="34">vā</w><w n="35">ṭa</w><w n="36">lo</w><w n="37" lemma="ṭu">ṭu </w><w n="38">ni</w><w n="39">la</w><w n="40">vu</w><w n="41">ni</w><w n="42" lemma="ṟa">ṟa </w><w n="43">ve</w><w n="44" lemma="ṇa">ṇ</w><w n="45">ma</w><w n="46">ṇa</w><w n="47" lemma="la">l </w><w n="48">pu</w><w n="49">la</w><w n="50">va</w><w n="51" lemma="pa">p </w><w n="52">pa</w><w n="53">la</w><w n="54">vu</w><w n="55">ṭa</w><w n="56"></w><w n="57" lemma="ṉe">ṉ e</w><w n="58" lemma="ka">k</w><w n="59">ka</w><w n="60" lemma="ra">r</w><w n="61">to</w><w n="62">ṟu</w><w n="63" lemma="ma">m </w><w n="64">pa</w><w n="65">ra</w><w n="66" lemma="ka">k</w><w n="67">ku</w><w n="68" lemma="na">n </w><w n="69">tu</w><w n="70">ṟai</w><w n="71">va</w><w n="72" lemma="ṉo">ṉo </w><w n="73">ṭo</w><w n="74">ru</w><w n="75">nā</w><w n="76" lemma="ḷa">ḷ </w><w n="77">na</w><w n="78" lemma="ka">k</w><w n="79">ka</w><w n="80">tō</w><w n="81" lemma="ra">r </w><w n="82">pa</w><w n="83">ḻi</w><w n="84" lemma="yu">yu </w><w n="85">mi</w><w n="86">la</w><w n="87" lemma="mē">mē </w><w n="88">pō</w><w n="89">ta</w><w n="90">vi</w><w n="91" lemma="ḻa">ḻ </w><w n="92">po</w><w n="93" lemma="ṉa">ṉ</w><w n="94">ṉi</w><w n="95">ṇa</w><w n="96" lemma="ra">r </w><w n="97">ma</w><w n="98">rī</w><w n="99">i</w><w n="100" lemma="ya">ya </w><w n="101">pu</w><w n="102" lemma="ḷa">ḷ</w><w n="103">ḷi</w><w n="104">mi</w><w n="105" lemma="ḻa">ḻ </w><w n="106"></w><w n="107">po</w><w n="108" lemma="ṅa">ṅ</w><w n="109">ka</w><w n="110" lemma="ra">r</w><w n="111" lemma="pa">p </w><w n="112">pu</w><w n="113" lemma="ṉa">ṉ</w><w n="114">ṉai</w><w n="115">ya</w><w n="116" lemma="ña">ñ </w><w n="117">cē</w><w n="118" lemma="ri">ri </w><w n="119"></w><w n="120">yi</w><w n="121" lemma="va">v</w><w n="122">vū</w><w n="123" lemma="ra">r </w><w n="124"></w><w n="125">ko</w><w n="126" lemma="ṉa">ṉ</w><w n="127">ṉa</w><w n="128">la</w><w n="129" lemma="ra">r </w><w n="130">tū</w><w n="131" lemma="ṟa">ṟ</w><w n="132">ṟu</w><w n="133" lemma="na">n</w><w n="134">ta</w><w n="135" lemma="ṉa">ṉ </w><w n="136">ko</w><w n="137">ṭu</w><w n="138" lemma="mai">mai </w><w n="139">yā</w><w n="140" lemma="ṉē">ṉē.</w><w n="141"></w><w n="142"></w><w n="143"></w><w n="144"></w><w n="145"></w><w n="146"></w><w n="147"></w><w n="148"></w><w n="149"></w></text></TEI><TEI n="Cam-pāṭam"><text><w n="0" lemma="pe"> 320. pe</w><w n="1">ru</w><w n="2"></w><w n="3" lemma="ṅa">ṅ</w><w n="4">ka</w><w n="5">ṭa</w><w n="6" lemma="ṟa">ṟ </w><w n="7">pa</w><w n="8">ra</w><w n="9">ta</w><w n="10">va</w><w n="11" lemma="ra">r </w><w n="12">kō</w><w n="13" lemma="ṇa">ṇ</w><w n="14" lemma="mī">mī </w><w n="15">ṉu</w><w n="16">ṇa</w><w n="17" lemma="ṅa">ṅ</w><w n="18">ka</w><w n="19"></w><w n="20">li</w><w n="21" lemma="ṉa">ṉ a</w><w n="22">ru</w><w n="23" lemma="ṅa">ṅ</w><w n="24">ka</w><w n="25">ḻi</w><w n="26" lemma="ka">k </w><w n="27">ko</w><w n="28" lemma="ṇa">ṇ</w><w n="29" lemma="ṭa">ṭa </w><w n="30">vi</w><w n="31">ṟa</w><w n="32">vi</w><w n="33" lemma="ṉa">ṉ </w><w n="34">vā</w><w n="35">ṭa</w><w n="36">lo</w><w n="37" lemma="ṭu">ṭu </w><w n="38">ni</w><w n="39">la</w><w n="40">vu</w><w n="41">ni</w><w n="42" lemma="ṟa">ṟa </w><w n="43">ve</w><w n="44" lemma="ṇa">ṇ</w><w n="45">ma</w><w n="46">ṇa</w><w n="47" lemma="la">l </w><w n="48">pu</w><w n="49">la</w><w n="50">va</w><w n="51" lemma="pa">p </w><w n="52">pa</w><w n="53">la</w><w n="54">vu</w><w n="55">ṭa</w><w n="56"></w><w n="57" lemma="ṉe">ṉ e</w><w n="58" lemma="ka">k</w><w n="59">ka</w><w n="60" lemma="ra">r</w><w n="61">to</w><w n="62">ṟu</w><w n="63" lemma="ma">m </w><w n="64">pa</w><w n="65">ri</w><w n="66" lemma="ka">k</w><w n="67">ku</w><w n="68" lemma="na">n </w><w n="69">tu</w><w n="70">ṟai</w><w n="71">va</w><w n="72" lemma="ṉo">ṉo </w><w n="73">ṭo</w><w n="74">ru</w><w n="75">nā</w><w n="76" lemma="ḷa">ḷ </w><w n="77">na</w><w n="78" lemma="ka">k</w><w n="79">ka</w><w n="80">tō</w><w n="81" lemma="ra">r </w><w n="82">pa</w><w n="83">ḻi</w><w n="84" lemma="yu">yu </w><w n="85">mi</w><w n="86">la</w><w n="87" lemma="mē">mē </w><w n="88">pō</w><w n="89">ta</w><w n="90">vi</w><w n="91" lemma="ḻa">ḻ </w><w n="92">po</w><w n="93" lemma="ṉa">ṉ</w><w n="94">ṉi</w><w n="95">ṇa</w><w n="96" lemma="ra">r </w><w n="97">ma</w><w n="98">rī</w><w n="99">i</w><w n="100" lemma="ya">ya </w><w n="101">pu</w><w n="102" lemma="ḷa">ḷ</w><w n="103">ḷi</w><w n="104">mi</w><w n="105" lemma="ḻa">ḻ </w><w n="106"></w><w n="107">po</w><w n="108" lemma="ṅa">ṅ</w><w n="109">ka</w><w n="110" lemma="ra">r</w><w n="111" lemma="pa">p </w><w n="112">pu</w><w n="113" lemma="ṉa">ṉ</w><w n="114">ṉai</w><w n="115">ya</w><w n="116" lemma="ña">ñ </w><w n="117">cē</w><w n="118" lemma="ri">ri </w><w n="119"></w><w n="120">yi</w><w n="121" lemma="va">v</w><w n="122">vū</w><w n="123" lemma="ra">r </w><w n="124"></w><w n="125">ko</w><w n="126" lemma="ṉa">ṉ</w><w n="127">ṉa</w><w n="128">la</w><w n="129" lemma="ra">r </w><w n="130">tū</w><w n="131" lemma="ṟa">ṟ</w><w n="132">ṟa</w><w n="133" lemma="ta">t</w><w n="134">ta</w><w n="135" lemma="ṉa">ṉ </w><w n="136">ko</w><w n="137">ṭu</w><w n="138" lemma="mai">mai </w><w n="139">yā</w><w n="140" lemma="ṉē">ṉē.</w><w n="141"></w><w n="142"></w><w n="143"></w><w n="144"></w><w n="145"></w><w n="146"></w><w n="147"></w><w n="148"></w><w n="149"></w></text></TEI><TEI n="SS"><text><w n="0" lemma="pe"> pe</w><w n="1">ru</w><w n="2"></w><w n="3" lemma="ṅa">ṅ</w><w n="4">ka</w><w n="5">ṭa</w><w n="6" lemma="ṟa">ṟ </w><w n="7">pa</w><w n="8">ra</w><w n="9">ta</w><w n="10">va</w><w n="11" lemma="ra">r </w><w n="12">ko</w><w n="13" lemma="ṇa">ṇ</w><w n="14">mī</w><w n="15" lemma="ṉu">ṉ u</w><w n="16">ṇa</w><w n="17" lemma="ṅa">ṅ</w><w n="18">ka</w><w n="19"></w><w n="20" lemma="la">l a</w><w n="21"></w><w n="22">ru</w><w n="23" lemma="ṅa">ṅ</w><w n="24">ka</w><w n="25">ḻi</w><w n="26" lemma="ka">k </w><w n="27">ko</w><w n="28" lemma="ṇa">ṇ</w><w n="29" lemma="ṭa">ṭa </w><w n="30" lemma="vi">i</w><w n="31">ṟa</w><w n="32">vi</w><w n="33" lemma="ṉa">ṉ </w><w n="34">vā</w><w n="35">ṭa</w><w n="36">lo</w><w n="37" lemma="ṭu">ṭu </w><w n="38">ni</w><w n="39">la</w><w n="40">vu</w><w n="41">ni</w><w n="42" lemma="ṟa">ṟa </w><w n="43">ve</w><w n="44" lemma="ṇa">ṇ</w><w n="45">ma</w><w n="46">ṇa</w><w n="47" lemma="la">l </w><w n="48">pu</w><w n="49">la</w><w n="50">va</w><w n="51" lemma="pa">p </w><w n="52">pa</w><w n="53">la</w><w n="54">vu</w><w n="55">ṭa</w><w n="56"></w><w n="57" lemma="ṉe">ṉ e</w><w n="58" lemma="ka">k</w><w n="59">ka</w><w n="60" lemma="ra">r</w><w n="61">to</w><w n="62">ṟu</w><w n="63" lemma="ma">m </w><w n="64">pa</w><w n="65">ra</w><w n="66" lemma="ka">k</w><w n="67">ku</w><w n="68" lemma="na">n </w><w n="69">tu</w><w n="70">ṟai</w><w n="71">va</w><w n="72" lemma="ṉo">ṉo </w><w n="73">ṭo</w><w n="74">ru</w><w n="75">nā</w><w n="76" lemma="ḷa">ḷ </w><w n="77">na</w><w n="78" lemma="ka">k</w><w n="79">ka</w><w n="80">tō</w><w n="81" lemma="ra">r </w><w n="82">pa</w><w n="83">ḻi</w><w n="84" lemma="yu">yu </w><w n="85">mi</w><w n="86">la</w><w n="87" lemma="mē">mē </w><w n="88">pō</w><w n="89">ta</w><w n="90">vi</w><w n="91" lemma="ḻa">ḻ </w><w n="92">po</w><w n="93" lemma="ṉa">ṉ</w><w n="94">ṉi</w><w n="95">ṇa</w><w n="96" lemma="ra">r </w><w n="97">ma</w><w n="98">rī</w><w n="99">i</w><w n="100" lemma="ya">ya </w><w n="101">pu</w><w n="102" lemma="ḷa">ḷ</w><w n="103">ḷi</w><w n="104">mi</w><w n="105" lemma="ḻa">ḻ </w><w n="106"></w><w n="107">po</w><w n="108" lemma="ṅa">ṅ</w><w n="109">ka</w><w n="110" lemma="ra">r</w><w n="111" lemma="pa">p </w><w n="112">pu</w><w n="113" lemma="ṉa">ṉ</w><w n="114">ṉai</w><w n="115">ya</w><w n="116" lemma="ña">ñ </w><w n="117">cē</w><w n="118" lemma="ṟi">ṟi </w><w n="119"></w><w n="120">yi</w><w n="121" lemma="va">v</w><w n="122">vū</w><w n="123" lemma="ra">r </w><w n="124"></w><w n="125">ko</w><w n="126" lemma="ṉa">ṉ</w><w n="127">ṉa</w><w n="128">la</w><w n="129" lemma="ra">r </w><w n="130">tū</w><w n="131" lemma="ṟa">ṟ</w><w n="132">ṟu</w><w n="133" lemma="na">n</w><w n="134">ta</w><w n="135" lemma="ṉa">ṉ </w><w n="136">ko</w><w n="137">ṭu</w><w n="138" lemma="mai">mai </w><w n="139">yā</w><w n="140" lemma="ṉē">ṉē. -</w><w n="141">tu</w><w n="142" lemma="ma">m</w><w n="143">pi</w><w n="144">cē</w><w n="145" lemma="ra">r </w><w n="146">kī</w><w n="147">ra</w><w n="148">ṉa</w><w n="149" lemma="ra">r.</w></text></TEI></teiCorpus>