<?xml version="1.0" encoding="UTF-8"?><teiCorpus xmlns="http://www.tei-c.org/ns/1.0" xml:lang="ta"><teiHeader><listWit><witness xml:id="Ed" source="KT269.xml"><abbr type="siglum">Ed</abbr><expan><title xmlns="http://www.tei-c.org/ns/1.0" xml:lang="ta">Kuṟuntokai</title> 269. <persName xmlns="http://www.tei-c.org/ns/1.0" xml:lang="ta">Kallāṭaṉār</persName>
          : <hi xmlns="http://www.tei-c.org/ns/1.0" rend="italic">SHE</hi></expan></witness><witness xml:id="C1" source="C1_UVSL_1076.xml"><abbr type="siglum">C1</abbr><expan>
               <title xmlns="http://www.tei-c.org/ns/1.0" xml:lang="ta">Eṭṭuttokai</title>
            </expan><witness xml:id="C1ac" type="ac"><abbr type="siglum">C1ac</abbr><expan>
               <title xmlns="http://www.tei-c.org/ns/1.0" xml:lang="ta">Eṭṭuttokai</title>
             [ante correctionem]</expan></witness><witness xml:id="C1pc" type="pc"><abbr type="siglum">C1pc</abbr><expan>
               <title xmlns="http://www.tei-c.org/ns/1.0" xml:lang="ta">Eṭṭuttokai</title>
             [post correctionem]</expan></witness></witness><witness xml:id="C2" source="C2_UVSL_183.xml"><abbr type="siglum">C2</abbr><expan>
               <title xmlns="http://www.tei-c.org/ns/1.0" xml:lang="ta">Kuṟuntokai</title>
            </expan><witness xml:id="C2ac" type="ac"><abbr type="siglum">C2ac</abbr><expan>
               <title xmlns="http://www.tei-c.org/ns/1.0" xml:lang="ta">Kuṟuntokai</title>
             [ante correctionem]</expan></witness><witness xml:id="C2pc" type="pc"><abbr type="siglum">C2pc</abbr><expan>
               <title xmlns="http://www.tei-c.org/ns/1.0" xml:lang="ta">Kuṟuntokai</title>
             [post correctionem]</expan></witness><witness xml:id="C2-black"><abbr type="siglum">C2-black</abbr><expan>
               <title xmlns="http://www.tei-c.org/ns/1.0" xml:lang="ta">Kuṟuntokai</title>
             [witness black]</expan></witness><witness xml:id="C2-pencil"><abbr type="siglum">C2-pencil</abbr><expan>
               <title xmlns="http://www.tei-c.org/ns/1.0" xml:lang="ta">Kuṟuntokai</title>
             [witness pencil]</expan></witness><witness xml:id="C2-green"><abbr type="siglum">C2-green</abbr><expan>
               <title xmlns="http://www.tei-c.org/ns/1.0" xml:lang="ta">Kuṟuntokai</title>
             [witness green]</expan></witness><witness xml:id="C2-p"><abbr type="siglum">C2-p</abbr><expan>
               <title xmlns="http://www.tei-c.org/ns/1.0" xml:lang="ta">Kuṟuntokai</title>
             [witness p]</expan></witness></witness><witness xml:id="C3" source="C3_UVSL_184.xml"><abbr type="siglum">C3</abbr><expan><title xmlns="http://www.tei-c.org/ns/1.0" xml:lang="ta">Kuṟuntokai</title></expan><witness xml:id="C3ac" type="ac"><abbr type="siglum">C3ac</abbr><expan><title xmlns="http://www.tei-c.org/ns/1.0" xml:lang="ta">Kuṟuntokai</title> [ante correctionem]</expan></witness><witness xml:id="C3pc" type="pc"><abbr type="siglum">C3pc</abbr><expan><title xmlns="http://www.tei-c.org/ns/1.0" xml:lang="ta">Kuṟuntokai</title> [post correctionem]</expan></witness></witness><witness xml:id="Cam" source="Cam.xml"><abbr type="siglum">Cam</abbr><expan>
          <title xmlns="http://www.tei-c.org/ns/1.0" xml:lang="ta">Kuṟuntokai</title>
        </expan><witness xml:id="Cam-pāṭam"><abbr type="siglum">Cam-pāṭam</abbr><expan>
          <title xmlns="http://www.tei-c.org/ns/1.0" xml:lang="ta">Kuṟuntokai</title>
         [witness pāṭam]</expan></witness><witness xml:id="Cam-p"><abbr type="siglum">Cam-p</abbr><expan>
          <title xmlns="http://www.tei-c.org/ns/1.0" xml:lang="ta">Kuṟuntokai</title>
         [witness p]</expan></witness></witness><witness xml:id="EA" source="EA.xml"><abbr type="siglum">EA</abbr><expan>
          <title xmlns="http://www.tei-c.org/ns/1.0" xml:lang="ta">Kuṟuntokai</title>
        </expan></witness><witness xml:id="G1" source="G1_GOML_TD65.xml"><abbr type="siglum">G1</abbr><expan><title xmlns="http://www.tei-c.org/ns/1.0" xml:lang="ta">Kuṟuntokai</title></expan><witness xml:id="G1ac" type="ac"><abbr type="siglum">G1ac</abbr><expan><title xmlns="http://www.tei-c.org/ns/1.0" xml:lang="ta">Kuṟuntokai</title> [ante correctionem]</expan></witness><witness xml:id="G1pc" type="pc"><abbr type="siglum">G1pc</abbr><expan><title xmlns="http://www.tei-c.org/ns/1.0" xml:lang="ta">Kuṟuntokai</title> [post correctionem]</expan></witness></witness><witness xml:id="G2" source="G2_GOML_TR1072.xml"><abbr type="siglum">G2</abbr><expan><title xmlns="http://www.tei-c.org/ns/1.0" xml:lang="ta">Kuṟuntokai</title></expan><witness xml:id="G2ac" type="ac"><abbr type="siglum">G2ac</abbr><expan><title xmlns="http://www.tei-c.org/ns/1.0" xml:lang="ta">Kuṟuntokai</title> [ante correctionem]</expan></witness><witness xml:id="G2pc" type="pc"><abbr type="siglum">G2pc</abbr><expan><title xmlns="http://www.tei-c.org/ns/1.0" xml:lang="ta">Kuṟuntokai</title> [post correctionem]</expan></witness></witness><witness xml:id="SS" source="SS.xml"><abbr type="siglum">SS</abbr><expan><title xmlns="http://www.tei-c.org/ns/1.0" xml:lang="ta">Kuṟuntokai</title></expan></witness></listWit><xenoData><stemma format="nexml" id="stemma0"><nex:nexml xmlns:nex="http://www.nexml.org/2009" version="0.9"><nex:otus id="otus1"><nex:otu id="otu0" label="EA"/><nex:otu id="otu1" label="G2"/><nex:otu id="otu2" label="C1"/><nex:otu id="otu3" label="G1"/><nex:otu id="otu4" label="C3"/><nex:otu id="otu5" label="Ed"/><nex:otu id="otu6" label="C2"/><nex:otu id="otu7" label="Cam"/></nex:otus><nex:trees otus="otus1" id="trees1"><nex:tree id="guidetree" label="guidetree" xsi:type="nex:FloatTree" xmlns:xsi="http://www.w3.org/2001/XMLSchema-instance"><nex:node id="de5a3491-77ea-47ed-8f3d-0e7748cd16dd"  root="true"/><nex:node id="bee9c72f-cbd6-4fca-a634-3e047eb00eb8"  /><nex:node id="322fd306-951b-4d21-9ca3-7c330e79d970"  /><nex:node id="4df60aa5-5fc9-44f6-a1a8-9a43b522a914" label="EA" otu="otu3" /><nex:node id="277de33e-151a-4cb8-b7b2-efd9fe81e2ad" label="G2" otu="otu4" /><nex:node id="c83d8fc4-0d21-4113-82f3-1c6e93bcc6f5"  /><nex:node id="4284e1b0-8588-4adf-90d7-6395de189a9c"  /><nex:node id="36d77743-3ba2-4b63-bf54-44621563f059" label="C1" otu="otu7" /><nex:node id="ce2f9cc7-0e32-479f-a774-112368a49376" label="G1" otu="otu8" /><nex:node id="ba6672fe-f285-435f-b92c-d5485ce8e562" label="C3" otu="otu9" /><nex:node id="5853dc78-959f-4a52-98fb-c45a2433a4bd"  /><nex:node id="56b75114-9ee9-48de-bc7b-b9c95497bd28"  /><nex:node id="e76d0f50-f904-4122-b2f4-ad253e8bbed9" label="Ed" otu="otu12" /><nex:node id="b6a21664-f726-46e0-af98-d1c984fd2f37" label="C2" otu="otu13" /><nex:node id="64d2263b-6a75-4a04-9c12-53fcc4121433" label="Cam" otu="otu14" /><nex:edge source="de5a3491-77ea-47ed-8f3d-0e7748cd16dd" target="bee9c72f-cbd6-4fca-a634-3e047eb00eb8" id="edge0" length="0.049410541066547756"/><nex:edge source="de5a3491-77ea-47ed-8f3d-0e7748cd16dd" target="5853dc78-959f-4a52-98fb-c45a2433a4bd" id="edge1" length="0.049410541066547756"/><nex:edge source="bee9c72f-cbd6-4fca-a634-3e047eb00eb8" target="322fd306-951b-4d21-9ca3-7c330e79d970" id="edge2" length="0"/><nex:edge source="bee9c72f-cbd6-4fca-a634-3e047eb00eb8" target="c83d8fc4-0d21-4113-82f3-1c6e93bcc6f5" id="edge3" length="0.3789640864338992"/><nex:edge source="5853dc78-959f-4a52-98fb-c45a2433a4bd" target="56b75114-9ee9-48de-bc7b-b9c95497bd28" id="edge4" length="0.09401851134010639"/><nex:edge source="5853dc78-959f-4a52-98fb-c45a2433a4bd" target="64d2263b-6a75-4a04-9c12-53fcc4121433" id="edge5" length="0.22648699751817644"/><nex:edge source="322fd306-951b-4d21-9ca3-7c330e79d970" target="4df60aa5-5fc9-44f6-a1a8-9a43b522a914" id="edge6" length="0.4729842558025792"/><nex:edge source="322fd306-951b-4d21-9ca3-7c330e79d970" target="277de33e-151a-4cb8-b7b2-efd9fe81e2ad" id="edge7" length="0.4017720952131886"/><nex:edge source="c83d8fc4-0d21-4113-82f3-1c6e93bcc6f5" target="4284e1b0-8588-4adf-90d7-6395de189a9c" id="edge8" length="0"/><nex:edge source="c83d8fc4-0d21-4113-82f3-1c6e93bcc6f5" target="ba6672fe-f285-435f-b92c-d5485ce8e562" id="edge9" length="0.3181607220536157"/><nex:edge source="56b75114-9ee9-48de-bc7b-b9c95497bd28" target="e76d0f50-f904-4122-b2f4-ad253e8bbed9" id="edge10" length="0.1352751480673078"/><nex:edge source="56b75114-9ee9-48de-bc7b-b9c95497bd28" target="b6a21664-f726-46e0-af98-d1c984fd2f37" id="edge11" length="0.03661284636474102"/><nex:edge source="4284e1b0-8588-4adf-90d7-6395de189a9c" target="36d77743-3ba2-4b63-bf54-44621563f059" id="edge12" length="0"/><nex:edge source="4284e1b0-8588-4adf-90d7-6395de189a9c" target="ce2f9cc7-0e32-479f-a774-112368a49376" id="edge13" length="0"/></nex:tree></nex:trees></nex:nexml></stemma></xenoData></teiHeader><TEI n="EA"><text><w n="0" lemma="i">[i</w><w n="1" lemma="tu">tu, </w><w n="2">ta</w><w n="3">lai</w><w n="4">ma</w><w n="5">ka</w><w n="6" lemma="ṉa">ṉ </w><w n="7">ci</w><w n="8">ṟai</w><w n="9" lemma="pa">p</w><w n="10">pu</w><w n="11">ṟa</w><w n="12" lemma="ta">t</w><w n="13">tā</w><w n="14">ṉā</w><w n="15">ka</w><w n="16" lemma="ta">t </w><w n="17">ta</w><w n="18">lai</w><w n="19">ma</w><w n="20">ka</w><w n="21" lemma="ḷa">ḷ </w><w n="22" lemma="to">tō</w><w n="23">ḻi</w><w n="24" lemma="ka">k</w><w n="25">ku</w><w n="26" lemma="ca">c </w><w n="27">co</w><w n="28" lemma="la">l</w><w n="29">lu</w><w n="30">vā</w><w n="31">ḷā</w><w n="32" lemma="ya">y</w><w n="33" lemma="ca">c </w><w n="34">co</w><w n="35" lemma="la">l</w><w n="36">li</w><w n="37">ya</w><w n="38" lemma="tu">tu.] [</w><w n="39">ka</w><w n="40" lemma="la">l</w><w n="41">lā</w><w n="42">ṭa</w><w n="43">ṉā</w><w n="44" lemma="ra">r </w><w n="45">pā</w><w n="46">ṭi</w><w n="47">ya</w><w n="48" lemma="tu">tu.]</w></text></TEI><TEI n="G2"><text><w n="0">e</w><w n="1" lemma="tu:">tu:― </w><w n="2">ta</w><w n="3">lai</w><w n="4">ma</w><w n="5">ka</w><w n="6" lemma="ṉa">ṉ </w><w n="7">ci</w><w n="8">ṟai</w><w n="9" lemma="pa">p</w><w n="10">pu</w><w n="11">ṟa</w><w n="12" lemma="ta">t</w><w n="13">tā</w><w n="14">ṉā</w><w n="15">ka</w><w n="16" lemma="ta">t </w><w n="17">ta</w><w n="18">lai</w><w n="19">ma</w><w n="20">ka</w><w n="21" lemma="ḷa">ḷ </w><w n="22" lemma="to">tō</w><w n="23">ḻi</w><w n="24" lemma="ka">k</w><w n="25">ku</w><w n="26" lemma="ca">c </w><w n="27">co</w><w n="28" lemma="la">l</w><w n="29">lu</w><w n="30">vā</w><w n="31">ḷā</w><w n="32" lemma="ya">y</w><w n="33" lemma="ca">c </w><w n="34">co</w><w n="35" lemma="la">l</w><w n="36">li</w><w n="37">ya</w><w n="38" lemma="tu">tu. — </w><w n="39">ka</w><w n="40" lemma="la">l</w><w n="41">lā</w><w n="42">ṭa</w><w n="43">ṉā</w><w n="44" lemma="ra">r ―</w><w n="45"></w><w n="46"></w><w n="47"></w><w n="48"></w></text></TEI><TEI n="C1"><text><w n="0">e</w><w n="1" lemma="tu">tu </w><w n="2">ta</w><w n="3">lai</w><w n="4">ma</w><w n="5">ka</w><w n="6" lemma="ṉa">ṉ </w><w n="7">ci</w><w n="8">ṟai</w><w n="9" lemma="pa">p</w><w n="10">pu</w><w n="11">ṟa</w><w n="12" lemma="ta">t</w><w n="13">tā</w><w n="14">ṉā</w><w n="15">ka</w><w n="16" lemma="ta">t </w><w n="17">ta</w><w n="18">lai</w><w n="19">ma</w><w n="20">ka</w><w n="21"></w><w n="22" lemma="ṭo">ṭō</w><w n="23">ḻi</w><w n="24" lemma="ka">k</w><w n="25">ku</w><w n="26" lemma="ca">c </w><w n="27">co</w><w n="28" lemma="la">l</w><w n="29">lu</w><w n="30">vā</w><w n="31">ḷā</w><w n="32" lemma="ya">y</w><w n="33" lemma="ca">c </w><w n="34">co</w><w n="35" lemma="la">l</w><w n="36">li</w><w n="37">ya</w><w n="38" lemma="tu">tu </w><w n="39">ka</w><w n="40" lemma="la">l</w><w n="41">lā</w><w n="42">ṭa</w><w n="43">ṉā</w><w n="44" lemma="ra">r</w><w n="45"></w><w n="46"></w><w n="47"></w><w n="48"></w></text></TEI><TEI n="G1"><text><w n="0">e</w><w n="1" lemma="tu">tu. </w><w n="2">ta</w><w n="3">lai</w><w n="4">ma</w><w n="5">ka</w><w n="6" lemma="ṉa">ṉ </w><w n="7">ci</w><w n="8">ṟai</w><w n="9" lemma="pa">p</w><w n="10">pu</w><w n="11">ṟa</w><w n="12" lemma="ta">t</w><w n="13">tā</w><w n="14">ṉā</w><w n="15">ka</w><w n="16" lemma="ta">t </w><w n="17">ta</w><w n="18">lai</w><w n="19">ma</w><w n="20">ka</w><w n="21"></w><w n="22" lemma="ṭo">ṭō</w><w n="23">ḻi</w><w n="24" lemma="ka">k</w><w n="25">ku</w><w n="26" lemma="ca">c </w><w n="27">co</w><w n="28" lemma="la">l</w><w n="29">lu</w><w n="30">vā</w><w n="31">ḷā</w><w n="32" lemma="ya">y</w><w n="33" lemma="ca">c </w><w n="34">co</w><w n="35" lemma="la">l</w><w n="36">li</w><w n="37">ya</w><w n="38" lemma="tu">tu ― </w><w n="39">ka</w><w n="40" lemma="la">l</w><w n="41">lā</w><w n="42">ṭa</w><w n="43">ṉā</w><w n="44" lemma="ra">r.</w><w n="45"></w><w n="46"></w><w n="47"></w><w n="48"></w></text></TEI><TEI n="C3"><text><w n="0" lemma="e">e - </w><w n="1" lemma="tu">tu </w><w n="2">ta</w><w n="3">lai</w><w n="4">ma</w><w n="5">ka</w><w n="6" lemma="ṉa">ṉ </w><w n="7">ci</w><w n="8">ṟai</w><w n="9" lemma="pa">p</w><w n="10">pu</w><w n="11">ṟa</w><w n="12" lemma="ta">t</w><w n="13">tā</w><w n="14">ṉā</w><w n="15">ka</w><w n="16" lemma="ta">t </w><w n="17">ta</w><w n="18">lai</w><w n="19">ma</w><w n="20">ka</w><w n="21"></w><w n="22">ṭo</w><w n="23">ḻi</w><w n="24" lemma="ka">k</w><w n="25">ku</w><w n="26" lemma="ca">c </w><w n="27">co</w><w n="28" lemma="la">l</w><w n="29">lu</w><w n="30">vā</w><w n="31">ḷā</w><w n="32" lemma="ya">y</w><w n="33" lemma="ca">c </w><w n="34">co</w><w n="35" lemma="la">l</w><w n="36">li</w><w n="37">ya</w><w n="38" lemma="tu">tu.</w><w n="39"></w><w n="40"></w><w n="41"></w><w n="42"></w><w n="43"></w><w n="44"></w><w n="45"></w><w n="46"></w><w n="47"></w><w n="48"></w></text></TEI><TEI n="Ed"><text><w n="0"></w><w n="1"></w><w n="2">ta</w><w n="3">lai</w><w n="4">ma</w><w n="5">ka</w><w n="6" lemma="ṉa">ṉ </w><w n="7">ci</w><w n="8">ṟai</w><w n="9" lemma="pa">p</w><w n="10">pu</w><w n="11">ṟa</w><w n="12" lemma="ta">t</w><w n="13">tā</w><w n="14">ṉā</w><w n="15">ka</w><w n="16" lemma="ta">t </w><w n="17">ta</w><w n="18">lai</w><w n="19">ma</w><w n="20">ka</w><w n="21" lemma="ḷa">ḷ </w><w n="22" lemma="to">tō</w><w n="23">ḻi</w><w n="24" lemma="ka">k</w><w n="25">ku</w><w n="26" lemma="ca">c </w><w n="27">co</w><w n="28" lemma="la">l</w><w n="29">lu</w><w n="30">vā</w><w n="31">ḷā</w><w n="32" lemma="ya">y</w><w n="33" lemma="ca">c </w><w n="34">co</w><w n="35" lemma="la">l</w><w n="36">li</w><w n="37">ya</w><w n="38" lemma="tu">tu. </w><w n="39"></w><w n="40"></w><w n="41"></w><w n="42"></w><w n="43"></w><w n="44"></w><w n="45"></w><w n="46"></w><w n="47"></w><w n="48"></w></text></TEI><TEI n="C2"><text><w n="0" lemma="e">e - </w><w n="1" lemma="tu">tu. </w><w n="2">ta</w><w n="3">lai</w><w n="4">ma</w><w n="5">ka</w><w n="6" lemma="ṉa">ṉ </w><w n="7">ci</w><w n="8">ṟai</w><w n="9" lemma="pa">p</w><w n="10">pu</w><w n="11">ṟa</w><w n="12" lemma="ta">t</w><w n="13">tā</w><w n="14">ṉā</w><w n="15">ka</w><w n="16" lemma="ta">t </w><w n="17">ta</w><w n="18">lai</w><w n="19">ma</w><w n="20">ka</w><w n="21" lemma="ḷa">ḷ </w><w n="22" lemma="to">tō</w><w n="23">ḻi</w><w n="24" lemma="ka">k</w><w n="25">ku</w><w n="26" lemma="ca">c </w><w n="27">co</w><w n="28" lemma="la">l</w><w n="29">lu</w><w n="30">vā</w><w n="31">ḷā</w><w n="32" lemma="ya">y</w><w n="33" lemma="ca">c </w><w n="34">co</w><w n="35" lemma="la">l</w><w n="36">li</w><w n="37">ya</w><w n="38" lemma="tu">tu.</w><w n="39"></w><w n="40"></w><w n="41"></w><w n="42"></w><w n="43"></w><w n="44"></w><w n="45"></w><w n="46"></w><w n="47"></w><w n="48"></w></text></TEI><TEI n="Cam"><text><w n="0" lemma="e">e - </w><w n="1" lemma="tu">tu. </w><w n="2">ta</w><w n="3">lai</w><w n="4">ma</w><w n="5">ka</w><w n="6" lemma="ṉa">ṉ </w><w n="7">ci</w><w n="8">ṟai</w><w n="9" lemma="pa">p</w><w n="10">pu</w><w n="11">ṟa</w><w n="12" lemma="ta">t</w><w n="13">tā</w><w n="14">ṉā</w><w n="15">ka</w><w n="16" lemma="ta">t </w><w n="17">ta</w><w n="18">lai</w><w n="19">ma</w><w n="20">ka</w><w n="21" lemma="ḷa">ḷ </w><w n="22" lemma="to">tō</w><w n="23">ḻi</w><w n="24" lemma="ka">k</w><w n="25">ku</w><w n="26" lemma="ca">c </w><w n="27">co</w><w n="28" lemma="la">l</w><w n="29">lu</w><w n="30">vā</w><w n="31">ḷā</w><w n="32" lemma="ya">y</w><w n="33" lemma="ca">c </w><w n="34">co</w><w n="35" lemma="la">l</w><w n="36">li</w><w n="37">ya</w><w n="38" lemma="tu">tu. </w><w n="39">ka</w><w n="40" lemma="la">l</w><w n="41">lā</w><w n="42">ṭa</w><w n="43">ṉā</w><w n="44" lemma="ra">r.</w><w n="45"></w><w n="46"></w><w n="47"></w><w n="48"></w></text></TEI></teiCorpus>