<?xml version="1.0" encoding="UTF-8"?><teiCorpus xmlns="http://www.tei-c.org/ns/1.0" xml:lang="ta"><teiHeader><listWit><witness xml:id="Ed" source="KT269.xml"><abbr type="siglum">Ed</abbr><expan><title xmlns="http://www.tei-c.org/ns/1.0" xml:lang="ta">Kuṟuntokai</title> 269. <persName xmlns="http://www.tei-c.org/ns/1.0" xml:lang="ta">Kallāṭaṉār</persName>
          : <hi xmlns="http://www.tei-c.org/ns/1.0" rend="italic">SHE</hi></expan></witness><witness xml:id="C1" source="C1_UVSL_1076.xml"><abbr type="siglum">C1</abbr><expan>
               <title xmlns="http://www.tei-c.org/ns/1.0" xml:lang="ta">Eṭṭuttokai</title>
            </expan><witness xml:id="C1ac" type="ac"><abbr type="siglum">C1ac</abbr><expan>
               <title xmlns="http://www.tei-c.org/ns/1.0" xml:lang="ta">Eṭṭuttokai</title>
             [ante correctionem]</expan></witness><witness xml:id="C1pc" type="pc"><abbr type="siglum">C1pc</abbr><expan>
               <title xmlns="http://www.tei-c.org/ns/1.0" xml:lang="ta">Eṭṭuttokai</title>
             [post correctionem]</expan></witness></witness><witness xml:id="C2" source="C2_UVSL_183.xml"><abbr type="siglum">C2</abbr><expan>
               <title xmlns="http://www.tei-c.org/ns/1.0" xml:lang="ta">Kuṟuntokai</title>
            </expan><witness xml:id="C2ac" type="ac"><abbr type="siglum">C2ac</abbr><expan>
               <title xmlns="http://www.tei-c.org/ns/1.0" xml:lang="ta">Kuṟuntokai</title>
             [ante correctionem]</expan></witness><witness xml:id="C2pc" type="pc"><abbr type="siglum">C2pc</abbr><expan>
               <title xmlns="http://www.tei-c.org/ns/1.0" xml:lang="ta">Kuṟuntokai</title>
             [post correctionem]</expan></witness><witness xml:id="C2-black"><abbr type="siglum">C2-black</abbr><expan>
               <title xmlns="http://www.tei-c.org/ns/1.0" xml:lang="ta">Kuṟuntokai</title>
             [witness black]</expan></witness><witness xml:id="C2-pencil"><abbr type="siglum">C2-pencil</abbr><expan>
               <title xmlns="http://www.tei-c.org/ns/1.0" xml:lang="ta">Kuṟuntokai</title>
             [witness pencil]</expan></witness><witness xml:id="C2-green"><abbr type="siglum">C2-green</abbr><expan>
               <title xmlns="http://www.tei-c.org/ns/1.0" xml:lang="ta">Kuṟuntokai</title>
             [witness green]</expan></witness><witness xml:id="C2-p"><abbr type="siglum">C2-p</abbr><expan>
               <title xmlns="http://www.tei-c.org/ns/1.0" xml:lang="ta">Kuṟuntokai</title>
             [witness p]</expan></witness></witness><witness xml:id="C3" source="C3_UVSL_184.xml"><abbr type="siglum">C3</abbr><expan><title xmlns="http://www.tei-c.org/ns/1.0" xml:lang="ta">Kuṟuntokai</title></expan><witness xml:id="C3ac" type="ac"><abbr type="siglum">C3ac</abbr><expan><title xmlns="http://www.tei-c.org/ns/1.0" xml:lang="ta">Kuṟuntokai</title> [ante correctionem]</expan></witness><witness xml:id="C3pc" type="pc"><abbr type="siglum">C3pc</abbr><expan><title xmlns="http://www.tei-c.org/ns/1.0" xml:lang="ta">Kuṟuntokai</title> [post correctionem]</expan></witness></witness><witness xml:id="Cam" source="Cam.xml"><abbr type="siglum">Cam</abbr><expan>
          <title xmlns="http://www.tei-c.org/ns/1.0" xml:lang="ta">Kuṟuntokai</title>
        </expan><witness xml:id="Cam-pāṭam"><abbr type="siglum">Cam-pāṭam</abbr><expan>
          <title xmlns="http://www.tei-c.org/ns/1.0" xml:lang="ta">Kuṟuntokai</title>
         [witness pāṭam]</expan></witness><witness xml:id="Cam-p"><abbr type="siglum">Cam-p</abbr><expan>
          <title xmlns="http://www.tei-c.org/ns/1.0" xml:lang="ta">Kuṟuntokai</title>
         [witness p]</expan></witness></witness><witness xml:id="EA" source="EA.xml"><abbr type="siglum">EA</abbr><expan>
          <title xmlns="http://www.tei-c.org/ns/1.0" xml:lang="ta">Kuṟuntokai</title>
        </expan></witness><witness xml:id="G1" source="G1_GOML_TD65.xml"><abbr type="siglum">G1</abbr><expan><title xmlns="http://www.tei-c.org/ns/1.0" xml:lang="ta">Kuṟuntokai</title></expan><witness xml:id="G1ac" type="ac"><abbr type="siglum">G1ac</abbr><expan><title xmlns="http://www.tei-c.org/ns/1.0" xml:lang="ta">Kuṟuntokai</title> [ante correctionem]</expan></witness><witness xml:id="G1pc" type="pc"><abbr type="siglum">G1pc</abbr><expan><title xmlns="http://www.tei-c.org/ns/1.0" xml:lang="ta">Kuṟuntokai</title> [post correctionem]</expan></witness></witness><witness xml:id="G2" source="G2_GOML_TR1072.xml"><abbr type="siglum">G2</abbr><expan><title xmlns="http://www.tei-c.org/ns/1.0" xml:lang="ta">Kuṟuntokai</title></expan><witness xml:id="G2ac" type="ac"><abbr type="siglum">G2ac</abbr><expan><title xmlns="http://www.tei-c.org/ns/1.0" xml:lang="ta">Kuṟuntokai</title> [ante correctionem]</expan></witness><witness xml:id="G2pc" type="pc"><abbr type="siglum">G2pc</abbr><expan><title xmlns="http://www.tei-c.org/ns/1.0" xml:lang="ta">Kuṟuntokai</title> [post correctionem]</expan></witness></witness><witness xml:id="SS" source="SS.xml"><abbr type="siglum">SS</abbr><expan><title xmlns="http://www.tei-c.org/ns/1.0" xml:lang="ta">Kuṟuntokai</title></expan></witness></listWit><xenoData><stemma format="nexml" id="stemma0"><nex:nexml xmlns:nex="http://www.nexml.org/2009" version="0.9"><nex:otus id="otus1"><nex:otu id="otu0" label="C2"/><nex:otu id="otu1" label="C3pc"/><nex:otu id="otu2" label="C2-black"/><nex:otu id="otu3" label="C1ac"/><nex:otu id="otu4" label="C1pc"/><nex:otu id="otu5" label="C3ac"/><nex:otu id="otu6" label="G1ac"/><nex:otu id="otu7" label="EA"/><nex:otu id="otu8" label="G1pc"/><nex:otu id="otu9" label="G2"/><nex:otu id="otu10" label="Cam-pāṭam"/><nex:otu id="otu11" label="Cam"/><nex:otu id="otu12" label="C2-pencil"/><nex:otu id="otu13" label="Ed"/><nex:otu id="otu14" label="SS"/></nex:otus><nex:trees otus="otus1" id="trees1"><nex:tree id="guidetree" label="guidetree" xsi:type="nex:FloatTree" xmlns:xsi="http://www.w3.org/2001/XMLSchema-instance"><nex:node id="74603ae6-e946-4f68-a284-221f1552597c"  root="true"/><nex:node id="9dc2a74e-127d-4ebd-ab93-ca0d98d47ce5"  /><nex:node id="bd74495a-84a7-4257-8bfe-441ec688bf80"  /><nex:node id="0698fbc8-298d-4199-b85d-8c1f277a9722"  /><nex:node id="516f1646-7951-45ee-8b7e-d90ab35af899"  /><nex:node id="15757cd5-0711-4ff6-bcbe-a7d5c0e4ff4f" label="C2" otu="otu5" /><nex:node id="c0802dac-c3ab-4502-b7e5-e27dd33e433d" label="C3pc" otu="otu6" /><nex:node id="7c48cac9-27b4-41c5-98e1-d533b0cf148a" label="C2-black" otu="otu7" /><nex:node id="6c867f59-e3e0-493e-8714-0dbf994f66ba"  /><nex:node id="31efd6eb-e241-45aa-9964-f93c1fa983db" label="C1ac" otu="otu9" /><nex:node id="37e175b3-d325-4081-a836-22ef98a243e0" label="C1pc" otu="otu10" /><nex:node id="b787b6f6-c8e1-4509-be13-abeb7a28eb92"  /><nex:node id="28c026b8-b09b-4809-9897-51a0e60f336f"  /><nex:node id="5fbc625b-84f6-4121-9bab-11acd7b6b15f" label="C3ac" otu="otu13" /><nex:node id="4b096a90-05e0-469c-8667-2bd736fe2ca1" label="G1ac" otu="otu14" /><nex:node id="c9600f15-9097-4983-aae4-47b4778f08c3"  /><nex:node id="4ae3996b-28d9-46bd-8370-1e38809a3d83"  /><nex:node id="d3c94593-ee3f-4314-b7e9-700303ea4a67" label="EA" otu="otu17" /><nex:node id="5d91c9cb-fd0c-4b95-8b8a-74032785e693" label="G1pc" otu="otu18" /><nex:node id="42aae58f-ade9-495a-b41b-68401afc534c" label="G2" otu="otu19" /><nex:node id="815e554e-082a-4632-8eb8-88f4bc651e02"  /><nex:node id="0c38a81d-5cfa-499a-ac28-98c29ae017fc" label="Cam-pāṭam" otu="otu21" /><nex:node id="94e1ea77-1192-48f1-8512-7cc47d5f5a1b"  /><nex:node id="644b43f5-173c-4b10-a2cd-c1e43ec60c3a"  /><nex:node id="efc34ffd-4aa0-4188-8623-84e8cca598b9" label="Cam" otu="otu24" /><nex:node id="dfba8b9e-5074-4912-ac9f-5aa51355934f"  /><nex:node id="b9bb3fcb-ab47-4588-a9ed-ed8f70fdbd56" label="C2-pencil" otu="otu26" /><nex:node id="f0abae30-479b-44c8-9f28-7a03ae0e903d" label="Ed" otu="otu27" /><nex:node id="0d6fd1e5-7b7e-4bf9-9118-aec21c1007a9" label="SS" otu="otu28" /><nex:edge source="74603ae6-e946-4f68-a284-221f1552597c" target="9dc2a74e-127d-4ebd-ab93-ca0d98d47ce5" id="edge0" length="0.07623116437084211"/><nex:edge source="74603ae6-e946-4f68-a284-221f1552597c" target="815e554e-082a-4632-8eb8-88f4bc651e02" id="edge1" length="0.07623116437084211"/><nex:edge source="9dc2a74e-127d-4ebd-ab93-ca0d98d47ce5" target="bd74495a-84a7-4257-8bfe-441ec688bf80" id="edge2" length="0"/><nex:edge source="9dc2a74e-127d-4ebd-ab93-ca0d98d47ce5" target="b787b6f6-c8e1-4509-be13-abeb7a28eb92" id="edge3" length="0.15057829185889832"/><nex:edge source="815e554e-082a-4632-8eb8-88f4bc651e02" target="0c38a81d-5cfa-499a-ac28-98c29ae017fc" id="edge4" length="0.3991236427860907"/><nex:edge source="815e554e-082a-4632-8eb8-88f4bc651e02" target="94e1ea77-1192-48f1-8512-7cc47d5f5a1b" id="edge5" length="0.027179141229660808"/><nex:edge source="bd74495a-84a7-4257-8bfe-441ec688bf80" target="0698fbc8-298d-4199-b85d-8c1f277a9722" id="edge6" length="0.19534062804608293"/><nex:edge source="bd74495a-84a7-4257-8bfe-441ec688bf80" target="6c867f59-e3e0-493e-8714-0dbf994f66ba" id="edge7" length="0.29084765911919847"/><nex:edge source="b787b6f6-c8e1-4509-be13-abeb7a28eb92" target="28c026b8-b09b-4809-9897-51a0e60f336f" id="edge8" length="0"/><nex:edge source="b787b6f6-c8e1-4509-be13-abeb7a28eb92" target="c9600f15-9097-4983-aae4-47b4778f08c3" id="edge9" length="0.34198710405660315"/><nex:edge source="94e1ea77-1192-48f1-8512-7cc47d5f5a1b" target="644b43f5-173c-4b10-a2cd-c1e43ec60c3a" id="edge10" length="0.07045489870884036"/><nex:edge source="94e1ea77-1192-48f1-8512-7cc47d5f5a1b" target="0d6fd1e5-7b7e-4bf9-9118-aec21c1007a9" id="edge11" length="0.3711451501509927"/><nex:edge source="0698fbc8-298d-4199-b85d-8c1f277a9722" target="516f1646-7951-45ee-8b7e-d90ab35af899" id="edge12" length="0.27796507005374654"/><nex:edge source="0698fbc8-298d-4199-b85d-8c1f277a9722" target="7c48cac9-27b4-41c5-98e1-d533b0cf148a" id="edge13" length="0.3885969605709641"/><nex:edge source="6c867f59-e3e0-493e-8714-0dbf994f66ba" target="31efd6eb-e241-45aa-9964-f93c1fa983db" id="edge14" length="0.19077918425053061"/><nex:edge source="6c867f59-e3e0-493e-8714-0dbf994f66ba" target="37e175b3-d325-4081-a836-22ef98a243e0" id="edge15" length="0.1517413585297979"/><nex:edge source="28c026b8-b09b-4809-9897-51a0e60f336f" target="5fbc625b-84f6-4121-9bab-11acd7b6b15f" id="edge16" length="0.4393107671037355"/><nex:edge source="28c026b8-b09b-4809-9897-51a0e60f336f" target="4b096a90-05e0-469c-8667-2bd736fe2ca1" id="edge17" length="0.4393107671037346"/><nex:edge source="c9600f15-9097-4983-aae4-47b4778f08c3" target="4ae3996b-28d9-46bd-8370-1e38809a3d83" id="edge18" length="0"/><nex:edge source="c9600f15-9097-4983-aae4-47b4778f08c3" target="42aae58f-ade9-495a-b41b-68401afc534c" id="edge19" length="0.05"/><nex:edge source="644b43f5-173c-4b10-a2cd-c1e43ec60c3a" target="efc34ffd-4aa0-4188-8623-84e8cca598b9" id="edge20" length="0.14203352779031178"/><nex:edge source="644b43f5-173c-4b10-a2cd-c1e43ec60c3a" target="dfba8b9e-5074-4912-ac9f-5aa51355934f" id="edge21" length="0.11838208894388128"/><nex:edge source="516f1646-7951-45ee-8b7e-d90ab35af899" target="15757cd5-0711-4ff6-bcbe-a7d5c0e4ff4f" id="edge22" length="0"/><nex:edge source="516f1646-7951-45ee-8b7e-d90ab35af899" target="c0802dac-c3ab-4502-b7e5-e27dd33e433d" id="edge23" length="0"/><nex:edge source="4ae3996b-28d9-46bd-8370-1e38809a3d83" target="d3c94593-ee3f-4314-b7e9-700303ea4a67" id="edge24" length="5.551115123125783e-17"/><nex:edge source="4ae3996b-28d9-46bd-8370-1e38809a3d83" target="5d91c9cb-fd0c-4b95-8b8a-74032785e693" id="edge25" length="5.551115123125783e-17"/><nex:edge source="dfba8b9e-5074-4912-ac9f-5aa51355934f" target="b9bb3fcb-ab47-4588-a9ed-ed8f70fdbd56" id="edge26" length="0"/><nex:edge source="dfba8b9e-5074-4912-ac9f-5aa51355934f" target="f0abae30-479b-44c8-9f28-7a03ae0e903d" id="edge27" length="0"/></nex:tree></nex:trees></nex:nexml></stemma></xenoData></teiHeader><TEI n="C2"><text><w n="0" lemma="ce"> 269. cē</w><w n="1">yā</w><w n="2" lemma="ṟu">ṟu </w><w n="3">ce</w><w n="4" lemma="ṉa">ṉ</w><w n="5" lemma="ṟu">ṟu </w><w n="6">tu</w><w n="7">ṇai</w><w n="8" lemma="va">va </w><w n="9">ra</w><w n="10"></w><w n="11">cā</w><w n="12" lemma="vā">vā </w><w n="13">tu</w><w n="14">cā</w><w n="15">vu</w><w n="16">na</w><w n="17" lemma="ra">r</w><w n="18" lemma="pa">p </w><w n="19">pe</w><w n="20">ṟi</w><w n="21" lemma="ṉe">ṉē </w><w n="22">na</w><w n="23" lemma="ṉa">ṉ</w><w n="24">ṟu</w><w n="25">ma</w><w n="26" lemma="ṟa">ṟ </w><w n="27">ṟi</w><w n="28" lemma="la">l</w><w n="29" lemma="la">la </w><w n="30">va</w><w n="31">ya</w><w n="32" lemma="ca">c</w><w n="33">cu</w><w n="34" lemma="ṟā">ṟā </w><w n="35">ve</w><w n="36">ṟi</w><w n="37" lemma="na">n</w><w n="38" lemma="ta">ta </w><w n="39">pu</w><w n="40" lemma="ṇa">ṇ</w><w n="41">ṭa</w><w n="42">ṇi</w><w n="43" lemma="na">n </w><w n="44">te</w><w n="45" lemma="na">n</w><w n="46">tai</w><w n="47" lemma="yu">yu </w><w n="48"></w><w n="49">nī</w><w n="50">ṉi</w><w n="51">ṟa</w><w n="52" lemma="pa">p </w><w n="53">pe</w><w n="54">ru</w><w n="55" lemma="ṅa">ṅ</w><w n="56">ka</w><w n="57">ṭa</w><w n="58" lemma="la">l </w><w n="59">pu</w><w n="60" lemma="ka">k</w><w n="61">ka</w><w n="62">ṉa</w><w n="63" lemma="ṉa">ṉ </w><w n="64">yā</w><w n="65" lemma="yu">yu </w><w n="66">mu</w><w n="67" lemma="pa">p</w><w n="68" lemma="pai">pai </w><w n="69">mā</w><w n="70" lemma="ṟi">ṟi </w><w n="71">ve</w><w n="72" lemma="ṇa">ṇ</w><w n="73">ṇe</w><w n="74" lemma="ṟa">ṟ </w><w n="75">ṟa</w><w n="76">rī</w><w n="77">i</w><w n="78" lemma="ya">ya </w><w n="79">vu</w><w n="80" lemma="pa">p</w><w n="81">pu</w><w n="82">vi</w><w n="83" lemma="ḷai">ḷai </w><w n="84">ka</w><w n="85"></w><w n="86">ḻa</w><w n="87" lemma="ṉi">ṉi </w><w n="88"></w><w n="89">ce</w><w n="90" lemma="ṉa">ṉ</w><w n="91">ṟa</w><w n="92" lemma="ṉa">ṉa </w><w n="93">ḷa</w><w n="94">ta</w><w n="95">ṉā</w><w n="96" lemma="ṟa">ṟ </w><w n="97">pa</w><w n="98">ṉi</w><w n="99">yi</w><w n="100">ru</w><w n="101" lemma="ma">m </w><w n="102">pa</w><w n="103">ra</w><w n="104" lemma="pa">p</w><w n="105">pi</w><w n="106" lemma="ṟa">ṟ </w><w n="107" lemma="ce">cē</w><w n="108" lemma="ra">r</w><w n="109" lemma="pa">p</w><w n="110">pa</w><w n="111" lemma="ṟa">ṟ </w><w n="112">ki</w><w n="113">ṉi</w><w n="114">va</w><w n="115" lemma="ri">ri </w><w n="116">ṉe</w><w n="117">ḷi</w><w n="118" lemma="ya">ya </w><w n="119">ḷe</w><w n="120" lemma="ṉa">ṉ</w><w n="121">ṉu</w><w n="122" lemma="na">n </w><w n="123">tū</w><w n="124" lemma="te">tē. </w></text></TEI><TEI n="C3pc"><text><w n="0" lemma="ce"> ce</w><w n="1">yā</w><w n="2" lemma="ṟu">ṟu </w><w n="3">ce</w><w n="4" lemma="ṉa">ṉ</w><w n="5" lemma="ṟu">ṟu </w><w n="6">tu</w><w n="7">ṇai</w><w n="8" lemma="va">va </w><w n="9">ra</w><w n="10"></w><w n="11">cā</w><w n="12" lemma="vā">vā </w><w n="13">tu</w><w n="14">cā</w><w n="15">vu</w><w n="16">na</w><w n="17" lemma="ra">r</w><w n="18" lemma="pa">p </w><w n="19">pe</w><w n="20">ṟi</w><w n="21" lemma="ṉe">ṉē </w><w n="22">na</w><w n="23" lemma="ṉa">ṉ</w><w n="24">ṟu</w><w n="25">ma</w><w n="26" lemma="ṟa">ṟ </w><w n="27">ṟi</w><w n="28" lemma="la">l</w><w n="29" lemma="la">la </w><w n="30">va</w><w n="31">ya</w><w n="32" lemma="ca">c</w><w n="33">cu</w><w n="34" lemma="ṟā">ṟā </w><w n="35">ve</w><w n="36">ṟi</w><w n="37" lemma="na">n</w><w n="38" lemma="ta">ta </w><w n="39">pu</w><w n="40" lemma="ṇa">ṇ</w><w n="41">ṭa</w><w n="42">ṇi</w><w n="43" lemma="na">n </w><w n="44">te</w><w n="45" lemma="na">n</w><w n="46">tai</w><w n="47" lemma="yu">yu </w><w n="48"></w><w n="49">nī</w><w n="50">ṉi</w><w n="51">ṟa</w><w n="52" lemma="pa">p </w><w n="53">pe</w><w n="54">ru</w><w n="55" lemma="ṅa">ṅ</w><w n="56">ka</w><w n="57">ṭa</w><w n="58" lemma="la">l </w><w n="59">pu</w><w n="60" lemma="ka">k</w><w n="61">ka</w><w n="62">ṉa</w><w n="63" lemma="ṉa">ṉ </w><w n="64">yā</w><w n="65" lemma="yu">yu </w><w n="66">mu</w><w n="67" lemma="pa">p</w><w n="68" lemma="pai">pai </w><w n="69">mā</w><w n="70" lemma="ṟi">ṟi </w><w n="71">ve</w><w n="72" lemma="ṇa">ṇ</w><w n="73">ṇe</w><w n="74" lemma="ṟa">ṟ </w><w n="75">ṟa</w><w n="76">rī</w><w n="77">i</w><w n="78" lemma="ya">ya </w><w n="79">vu</w><w n="80" lemma="pa">p</w><w n="81">pu</w><w n="82">vi</w><w n="83" lemma="ḷai">ḷai </w><w n="84">ka</w><w n="85"></w><w n="86">ḻa</w><w n="87" lemma="ṉi">ṉi </w><w n="88"></w><w n="89">ce</w><w n="90" lemma="ṉa">ṉ</w><w n="91">ṟa</w><w n="92" lemma="ṉa">ṉa </w><w n="93">ḷa</w><w n="94">ta</w><w n="95">ṉā</w><w n="96" lemma="ṟa">ṟ </w><w n="97">pa</w><w n="98">ṉi</w><w n="99">yi</w><w n="100">ru</w><w n="101" lemma="ma">m </w><w n="102">pa</w><w n="103">ra</w><w n="104" lemma="pa">p</w><w n="105">pi</w><w n="106" lemma="ṟa">ṟ </w><w n="107">ce</w><w n="108" lemma="ra">r</w><w n="109" lemma="pa">p</w><w n="110">pa</w><w n="111" lemma="ṟa">ṟ </w><w n="112">ki</w><w n="113">ṉi</w><w n="114">va</w><w n="115" lemma="ri">ri </w><w n="116">ṉe</w><w n="117">ḷi</w><w n="118" lemma="ya">ya </w><w n="119">ḷe</w><w n="120" lemma="ṉa">ṉ</w><w n="121">ṉu</w><w n="122" lemma="na">n </w><w n="123">tū</w><w n="124" lemma="te">te. </w></text></TEI><TEI n="C2-black"><text><w n="0" lemma="ce"> 269. cē</w><w n="1">yā</w><w n="2" lemma="ṟu">ṟu </w><w n="3">ce</w><w n="4" lemma="ṉa">ṉ</w><w n="5" lemma="ṟu">ṟu </w><w n="6">tu</w><w n="7">ṇai</w><w n="8" lemma="va">va </w><w n="9">ra</w><w n="10">la</w><w n="11">cā</w><w n="12" lemma="vā">vā </w><w n="13">tu</w><w n="14">cā</w><w n="15">vu</w><w n="16">na</w><w n="17" lemma="ra">r</w><w n="18" lemma="pa">p </w><w n="19">pe</w><w n="20">ṟi</w><w n="21" lemma="ṉe">ṉē </w><w n="22">na</w><w n="23" lemma="ṉa">ṉ</w><w n="24">ṟu</w><w n="25">ma</w><w n="26" lemma="ṟa">ṟ </w><w n="27">ṟi</w><w n="28" lemma="la">l</w><w n="29" lemma="la">la </w><w n="30">va</w><w n="31">ya</w><w n="32" lemma="ca">c</w><w n="33">cu</w><w n="34" lemma="ṟā">ṟā </w><w n="35">ve</w><w n="36">ṟi</w><w n="37" lemma="na">n</w><w n="38" lemma="ta">ta </w><w n="39">pu</w><w n="40" lemma="ṇa">ṇ</w><w n="41">ṭa</w><w n="42">ṇi</w><w n="43" lemma="na">n </w><w n="44">te</w><w n="45" lemma="na">n</w><w n="46">tai</w><w n="47" lemma="yu">yu </w><w n="48"></w><w n="49">nī</w><w n="50">ṉi</w><w n="51">ṟa</w><w n="52" lemma="pa">p </w><w n="53">pe</w><w n="54">ru</w><w n="55" lemma="ṅa">ṅ</w><w n="56">ka</w><w n="57">ṭa</w><w n="58" lemma="la">l </w><w n="59">pu</w><w n="60" lemma="ka">k</w><w n="61">ka</w><w n="62">ṉa</w><w n="63" lemma="ṉa">ṉ </w><w n="64">yā</w><w n="65" lemma="yu">yu </w><w n="66">mu</w><w n="67" lemma="pa">p</w><w n="68" lemma="pai">pai </w><w n="69">mā</w><w n="70" lemma="ṟi">ṟi </w><w n="71">ve</w><w n="72" lemma="ṇa">ṇ</w><w n="73">ṇe</w><w n="74" lemma="ṟa">ṟ </w><w n="75">ṟa</w><w n="76">rī</w><w n="77">i</w><w n="78" lemma="ya">ya </w><w n="79">vu</w><w n="80" lemma="pa">p</w><w n="81">pu</w><w n="82">vi</w><w n="83" lemma="ḷai">ḷai </w><w n="84"></w><w n="85"></w><w n="86"></w><w n="87"></w><w n="88"></w><w n="89">ce</w><w n="90" lemma="ṉa">ṉ</w><w n="91">ṟa</w><w n="92" lemma="ṉa">ṉa </w><w n="93">ḷa</w><w n="94">ta</w><w n="95">ṉā</w><w n="96" lemma="ṟa">ṟ </w><w n="97">pa</w><w n="98">ṉi</w><w n="99">yi</w><w n="100">ru</w><w n="101" lemma="ma">m </w><w n="102">pa</w><w n="103">ra</w><w n="104" lemma="pa">p</w><w n="105">pi</w><w n="106" lemma="ṟa">ṟ </w><w n="107" lemma="ce">cē</w><w n="108" lemma="ra">r</w><w n="109" lemma="pa">p</w><w n="110">pa</w><w n="111" lemma="ṟa">ṟ </w><w n="112">ki</w><w n="113">ṉi</w><w n="114">va</w><w n="115" lemma="ri">ri </w><w n="116">ṉe</w><w n="117">ḷi</w><w n="118" lemma="ya">ya </w><w n="119">ḷe</w><w n="120" lemma="ṉa">ṉ</w><w n="121">ṉu</w><w n="122" lemma="na">n </w><w n="123">tū</w><w n="124" lemma="te">tē. </w></text></TEI><TEI n="C1ac"><text><w n="0" lemma="ce"> ce</w><w n="1">yā</w><w n="2" lemma="ṟu">ṟu </w><w n="3">ce</w><w n="4" lemma="ṉa">ṉ</w><w n="5" lemma="ṟu">ṟu </w><w n="6">tu</w><w n="7">ṇai</w><w n="8">ya</w><w n="9" lemma="ri">ri </w><w n="10">ya</w><w n="11">cā</w><w n="12" lemma="vā">vā </w><w n="13">tu</w><w n="14">cā</w><w n="15">vu</w><w n="16">na</w><w n="17" lemma="ra">r</w><w n="18" lemma="pa">p </w><w n="19">pe</w><w n="20">ṟi</w><w n="21" lemma="ṉe">ṉe </w><w n="22">na</w><w n="23" lemma="ṉa">ṉ</w><w n="24">ṟu</w><w n="25">ma</w><w n="26" lemma="ṟa">ṟ </w><w n="27">ṟi</w><w n="28" lemma="la">l</w><w n="29" lemma="la">la </w><w n="30">va</w><w n="31">ya</w><w n="32" lemma="ca">c</w><w n="33">cu</w><w n="34" lemma="ṟā">ṟā </w><w n="35">ve</w><w n="36">ṟi</w><w n="37" lemma="na">n</w><w n="38" lemma="ta">ta </w><w n="39">pu</w><w n="40" lemma="ṇa">ṇ</w><w n="41">ṭa</w><w n="42" lemma="ṇi">ṇi </w><w n="43"></w><w n="44">te</w><w n="45" lemma="na">n</w><w n="46" lemma="tai">tai </w><w n="47"></w><w n="48"></w><w n="49">nī</w><w n="50">ṉi</w><w n="51">ṟa</w><w n="52" lemma="pa">p </w><w n="53">pe</w><w n="54">ru</w><w n="55" lemma="ṅa">ṅ</w><w n="56">ka</w><w n="57">ṭa</w><w n="58" lemma="la">l </w><w n="59">pu</w><w n="60" lemma="ka">k</w><w n="61">ka</w><w n="62">ṉa</w><w n="63" lemma="ṉa">ṉ </w><w n="64">yā</w><w n="65" lemma="yu">yu </w><w n="66">mu</w><w n="67" lemma="pa">p</w><w n="68" lemma="pai">pai </w><w n="69">mā</w><w n="70" lemma="ṟi">ṟi </w><w n="71">ve</w><w n="72" lemma="ṇa">ṇ</w><w n="73">ṇe</w><w n="74" lemma="ṟa">ṟ </w><w n="75">ṟa</w><w n="76">rī</w><w n="77">i</w><w n="78" lemma="ya">ya </w><w n="79">vu</w><w n="80" lemma="pa">p</w><w n="81">pu</w><w n="82">vi</w><w n="83" lemma="ḷai">ḷai </w><w n="84">ka</w><w n="85">ṉi</w><w n="86">ḻa</w><w n="87">ṉi</w><w n="88" lemma="ca">c </w><w n="89">ce</w><w n="90" lemma="ṉa">ṉ</w><w n="91">ṟa</w><w n="92" lemma="ṉa">ṉa </w><w n="93">ḷa</w><w n="94">ta</w><w n="95">ṉā</w><w n="96" lemma="ṟa">ṟ </w><w n="97">pa</w><w n="98">ṉi</w><w n="99">yi</w><w n="100">ru</w><w n="101" lemma="ma">m </w><w n="102">pa</w><w n="103">ra</w><w n="104" lemma="pa">p</w><w n="105">pi</w><w n="106" lemma="ṟa">ṟ </w><w n="107">ce</w><w n="108" lemma="ra">r</w><w n="109" lemma="pa">p</w><w n="110">pa</w><w n="111" lemma="ṟa">ṟ </w><w n="112">ki</w><w n="113">ṉi</w><w n="114">va</w><w n="115" lemma="ri">ri </w><w n="116">ṉe</w><w n="117">ḷi</w><w n="118" lemma="ya">ya </w><w n="119">ḷe</w><w n="120" lemma="ṉa">ṉ</w><w n="121">ṉu</w><w n="122" lemma="na">n </w><w n="123">tū</w><w n="124" lemma="te">tē </w></text></TEI><TEI n="C1pc"><text><w n="0" lemma="ce"> ce</w><w n="1">yā</w><w n="2" lemma="ṟu">ṟu </w><w n="3">ce</w><w n="4" lemma="ṉa">ṉ</w><w n="5" lemma="ṟu">ṟu </w><w n="6">tu</w><w n="7">ṇai</w><w n="8">ya</w><w n="9" lemma="ri">ri </w><w n="10">ya</w><w n="11">cā</w><w n="12" lemma="vā">vā </w><w n="13">tu</w><w n="14">cā</w><w n="15">vu</w><w n="16">na</w><w n="17" lemma="ra">r</w><w n="18" lemma="pa">p </w><w n="19">pe</w><w n="20">ṟi</w><w n="21" lemma="ṉe">ṉe </w><w n="22">na</w><w n="23" lemma="ṉa">ṉ</w><w n="24">ṟu</w><w n="25">ma</w><w n="26" lemma="ṟa">ṟ </w><w n="27">ṟi</w><w n="28" lemma="la">l</w><w n="29" lemma="la">la </w><w n="30">va</w><w n="31">ya</w><w n="32" lemma="ca">c</w><w n="33">cu</w><w n="34" lemma="ṟā">ṟā </w><w n="35">ve</w><w n="36">ṟi</w><w n="37" lemma="na">n</w><w n="38" lemma="ta">ta </w><w n="39">pu</w><w n="40" lemma="ṇa">ṇ</w><w n="41">ṭa</w><w n="42" lemma="ṇi">ṇi </w><w n="43"></w><w n="44">te</w><w n="45" lemma="na">n</w><w n="46" lemma="tai">tai </w><w n="47"></w><w n="48"></w><w n="49">nī</w><w n="50">ṉi</w><w n="51">ṟa</w><w n="52" lemma="pa">p </w><w n="53">pe</w><w n="54">ru</w><w n="55" lemma="ṅa">ṅ</w><w n="56">ka</w><w n="57">ṭa</w><w n="58" lemma="la">l </w><w n="59">pu</w><w n="60" lemma="ka">k</w><w n="61">ka</w><w n="62">ṉa</w><w n="63" lemma="ṉa">ṉ </w><w n="64">yā</w><w n="65" lemma="yu">yu </w><w n="66">mu</w><w n="67" lemma="pa">p</w><w n="68" lemma="pai">pai </w><w n="69">mā</w><w n="70" lemma="ṟi">ṟi </w><w n="71">ve</w><w n="72" lemma="ṇa">ṇ</w><w n="73">ṇe</w><w n="74" lemma="ṟa">ṟ </w><w n="75">ṟa</w><w n="76">rī</w><w n="77">i</w><w n="78" lemma="ya">ya </w><w n="79">vu</w><w n="80" lemma="pa">p</w><w n="81">pu</w><w n="82">vi</w><w n="83" lemma="ḷai">ḷai </w><w n="84">ka</w><w n="85"></w><w n="86">ḻa</w><w n="87">ṉi</w><w n="88" lemma="ca">c </w><w n="89">ce</w><w n="90" lemma="ṉa">ṉ</w><w n="91">ṟa</w><w n="92" lemma="ṉa">ṉa </w><w n="93">ḷa</w><w n="94">ta</w><w n="95">ṉā</w><w n="96" lemma="ṟa">ṟ </w><w n="97">pa</w><w n="98">ṉi</w><w n="99">yi</w><w n="100">ru</w><w n="101" lemma="ma">m </w><w n="102">pa</w><w n="103">ra</w><w n="104" lemma="pa">p</w><w n="105">pi</w><w n="106" lemma="ṟa">ṟ </w><w n="107">ce</w><w n="108" lemma="ra">r</w><w n="109" lemma="pa">p</w><w n="110">pa</w><w n="111" lemma="ṟa">ṟ </w><w n="112">ki</w><w n="113">ṉi</w><w n="114">va</w><w n="115" lemma="ri">ri </w><w n="116">ṉe</w><w n="117">ḷi</w><w n="118" lemma="ya">ya </w><w n="119">ḷe</w><w n="120" lemma="ṉa">ṉ</w><w n="121">ṉu</w><w n="122" lemma="na">n </w><w n="123">tū</w><w n="124" lemma="te">tē </w></text></TEI><TEI n="C3ac"><text><w n="0" lemma="ce"> ce</w><w n="1">yā</w><w n="2" lemma="ṟu">ṟu </w><w n="3">ce</w><w n="4" lemma="ṉa">ṉ</w><w n="5" lemma="ṟu">ṟu </w><w n="6">tu</w><w n="7">ṇai</w><w n="8">ya</w><w n="9" lemma="ri">ri </w><w n="10">ya</w><w n="11">cā</w><w n="12" lemma="vā">vā </w><w n="13">tu</w><w n="14">cā</w><w n="15">vu</w><w n="16">na</w><w n="17" lemma="ra">r</w><w n="18" lemma="pa">p </w><w n="19">pe</w><w n="20">ṟi</w><w n="21" lemma="ṉe">ṉē </w><w n="22">na</w><w n="23" lemma="ṉa">ṉ</w><w n="24">ṟu</w><w n="25">ma</w><w n="26" lemma="ṟa">ṟ </w><w n="27">ṟi</w><w n="28" lemma="la">l</w><w n="29" lemma="la">la </w><w n="30">va</w><w n="31">ya</w><w n="32" lemma="ca">c</w><w n="33">cu</w><w n="34" lemma="ṟā">ṟā </w><w n="35" lemma="ve">vē</w><w n="36">ṟi</w><w n="37" lemma="na">n</w><w n="38" lemma="ta">ta </w><w n="39">pu</w><w n="40" lemma="ṇa">ṇ</w><w n="41">ṭa</w><w n="42">ṇi</w><w n="43" lemma="na">n </w><w n="44">te</w><w n="45" lemma="na">n</w><w n="46">tai</w><w n="47" lemma="yu">yu </w><w n="48"></w><w n="49">nī</w><w n="50">ṉi</w><w n="51">ṟa</w><w n="52" lemma="pa">p </w><w n="53">pe</w><w n="54">ru</w><w n="55" lemma="ṅa">ṅ</w><w n="56">ka</w><w n="57">ṭa</w><w n="58" lemma="la">l </w><w n="59">pu</w><w n="60" lemma="ka">k</w><w n="61">ka</w><w n="62">ṉa</w><w n="63" lemma="ṉa">ṉ </w><w n="64">yā</w><w n="65" lemma="yu">yu </w><w n="66">mu</w><w n="67" lemma="pa">p</w><w n="68" lemma="pai">pai </w><w n="69">mā</w><w n="70" lemma="ṟi">ṟi </w><w n="71">ve</w><w n="72" lemma="ṇa">ṇ</w><w n="73">ṇe</w><w n="74" lemma="ṟa">ṟ </w><w n="75">ṟa</w><w n="76">rī</w><w n="77">i</w><w n="78" lemma="ya">ya </w><w n="79">vu</w><w n="80" lemma="pa">p</w><w n="81">pu</w><w n="82">vi</w><w n="83" lemma="ḷai">ḷai </w><w n="84">ka</w><w n="85"></w><w n="86">ḻa</w><w n="87" lemma="ṉi">ṉi </w><w n="88"></w><w n="89">ce</w><w n="90" lemma="ṉa">ṉ</w><w n="91">ṟa</w><w n="92" lemma="ṉa">ṉa </w><w n="93">ḷa</w><w n="94">tā</w><w n="95">ṉā</w><w n="96" lemma="ṟa">ṟ </w><w n="97">pa</w><w n="98">ṉi</w><w n="99">yi</w><w n="100">ru</w><w n="101" lemma="ma">m </w><w n="102">pa</w><w n="103">ra</w><w n="104" lemma="pa">p</w><w n="105">pi</w><w n="106" lemma="ṟa">ṟ </w><w n="107">ce</w><w n="108" lemma="ra">r</w><w n="109" lemma="pa">p</w><w n="110">pa</w><w n="111" lemma="ṟa">ṟ </w><w n="112">ki</w><w n="113">ṉi</w><w n="114">va</w><w n="115" lemma="ri">ri </w><w n="116">ṉe</w><w n="117">ḷi</w><w n="118" lemma="ya">ya </w><w n="119">ḷe</w><w n="120" lemma="ṉa">ṉ</w><w n="121">ṉu</w><w n="122" lemma="na">n </w><w n="123">tū</w><w n="124" lemma="te">te. </w></text></TEI><TEI n="G1ac"><text><w n="0" lemma="ce"> 269. cē</w><w n="1">yā</w><w n="2" lemma="ṟu">ṟu </w><w n="3">ce</w><w n="4" lemma="ṉa">ṉ</w><w n="5" lemma="ṟu">ṟu </w><w n="6">tu</w><w n="7">ṇai</w><w n="8">ya</w><w n="9" lemma="ri">ri </w><w n="10">ya</w><w n="11">cā</w><w n="12">vā</w><w n="13" lemma="tu">tu </w><w n="14">cā</w><w n="15">vu</w><w n="16">na</w><w n="17" lemma="ra">r</w><w n="18" lemma="pa">p </w><w n="19">pe</w><w n="20">ṟi</w><w n="21" lemma="ṉe">ṉē </w><w n="22">na</w><w n="23" lemma="ṉa">ṉ</w><w n="24">ṟu</w><w n="25">ma</w><w n="26" lemma="ṟa">ṟ </w><w n="27">ṟi</w><w n="28" lemma="la">l</w><w n="29" lemma="la">la </w><w n="30">va</w><w n="31">ya</w><w n="32" lemma="ca">c</w><w n="33">cu</w><w n="34" lemma="ṟā">ṟā </w><w n="35">ve</w><w n="36">ṟi</w><w n="37" lemma="na">n</w><w n="38" lemma="ta">ta </w><w n="39">pu</w><w n="40" lemma="ṇa">ṇ</w><w n="41">ṭa</w><w n="42">ṇi</w><w n="43" lemma="na">n </w><w n="44">te</w><w n="45" lemma="na">n</w><w n="46">tai</w><w n="47" lemma="yu">yu </w><w n="48"></w><w n="49">nī</w><w n="50">ni</w><w n="51">ṟa</w><w n="52" lemma="pa">p </w><w n="53">pe</w><w n="54">ru</w><w n="55" lemma="ṅa">ṅ</w><w n="56">ka</w><w n="57">ṭa</w><w n="58" lemma="la">l </w><w n="59">pu</w><w n="60" lemma="ka">k</w><w n="61">ka</w><w n="62">ṉa</w><w n="63" lemma="ṉa">ṉ </w><w n="64">yā</w><w n="65" lemma="yu">yu </w><w n="66">mu</w><w n="67" lemma="pa">p</w><w n="68" lemma="pai">pai </w><w n="69">mā</w><w n="70" lemma="ṟi">ṟi </w><w n="71">ve</w><w n="72" lemma="ṇa">ṇ</w><w n="73">ṇe</w><w n="74" lemma="ṟa">ṟ </w><w n="75">ṟa</w><w n="76">rī</w><w n="77">i</w><w n="78" lemma="ya">ya </w><w n="79">vu</w><w n="80" lemma="pa">p</w><w n="81">pu</w><w n="82">vi</w><w n="83" lemma="ḷai">ḷai </w><w n="84">ka</w><w n="85"></w><w n="86">ḻa</w><w n="87" lemma="ṉi">ṉi </w><w n="88"></w><w n="89">ce</w><w n="90" lemma="ṉa">ṉ</w><w n="91">ṟa</w><w n="92" lemma="ṉa">ṉa </w><w n="93">ḷa</w><w n="94">ta</w><w n="95">ṉā</w><w n="96" lemma="ṟa">ṟ </w><w n="97">pa</w><w n="98">ṉi</w><w n="99">yi</w><w n="100">ru</w><w n="101" lemma="ma">m </w><w n="102">pa</w><w n="103">ra</w><w n="104" lemma="pa">p</w><w n="105">pi</w><w n="106" lemma="ṟa">ṟ </w><w n="107" lemma="ce">cē</w><w n="108" lemma="ra">r</w><w n="109" lemma="pa">p</w><w n="110">pa</w><w n="111" lemma="ṟa">ṟ </w><w n="112">ki</w><w n="113">ṉi</w><w n="114">va</w><w n="115" lemma="ri">ri </w><w n="116">ṉe</w><w n="117">ḷi</w><w n="118" lemma="ya">ya </w><w n="119">ḷe</w><w n="120" lemma="ṉa">ṉ</w><w n="121">ṉu</w><w n="122" lemma="na">n </w><w n="123">tū</w><w n="124" lemma="te">tē. </w></text></TEI><TEI n="EA"><text><w n="0" lemma="ce"> 269. cē</w><w n="1">yā</w><w n="2" lemma="ṟu">ṟu </w><w n="3">ce</w><w n="4" lemma="ṉa">ṉ</w><w n="5" lemma="ṟu">ṟu </w><w n="6">tu</w><w n="7">ṇai</w><w n="8">ya</w><w n="9" lemma="ri">ri </w><w n="10">ya</w><w n="11">cā</w><w n="12" lemma="vā">vā </w><w n="13">tu</w><w n="14">cā</w><w n="15">vu</w><w n="16">na</w><w n="17" lemma="ra">r</w><w n="18" lemma="pa">p </w><w n="19">pe</w><w n="20">ṟi</w><w n="21" lemma="ṉe">ṉē </w><w n="22">na</w><w n="23" lemma="ṉa">ṉ</w><w n="24">ṟu</w><w n="25">ma</w><w n="26" lemma="ṟa">ṟ </w><w n="27">ṟi</w><w n="28" lemma="la">l</w><w n="29" lemma="la">la </w><w n="30">va</w><w n="31">ya</w><w n="32" lemma="ca">c</w><w n="33">cu</w><w n="34" lemma="ṟā">ṟā </w><w n="35">ve</w><w n="36">ṟi</w><w n="37" lemma="na">n</w><w n="38" lemma="ta">ta </w><w n="39">pu</w><w n="40" lemma="ṇa">ṇ</w><w n="41">ṭa</w><w n="42">ṇi</w><w n="43" lemma="na">n </w><w n="44">te</w><w n="45" lemma="na">n</w><w n="46">tai</w><w n="47" lemma="yu">yu </w><w n="48"></w><w n="49">nī</w><w n="50">ṉi</w><w n="51">ṟa</w><w n="52" lemma="pa">p </w><w n="53">pe</w><w n="54">ru</w><w n="55" lemma="ṅa">ṅ</w><w n="56">ka</w><w n="57">ṭa</w><w n="58" lemma="la">l </w><w n="59">pu</w><w n="60" lemma="ka">k</w><w n="61">ka</w><w n="62">ṉa</w><w n="63" lemma="ṉa">ṉ </w><w n="64">yā</w><w n="65" lemma="yu">yu </w><w n="66">mu</w><w n="67" lemma="pa">p</w><w n="68" lemma="pai">pai </w><w n="69">mā</w><w n="70" lemma="ṟi">ṟi </w><w n="71">ve</w><w n="72" lemma="ṇa">ṇ</w><w n="73">ṇe</w><w n="74" lemma="ṟa">ṟ </w><w n="75">ṟa</w><w n="76">rī</w><w n="77">i</w><w n="78" lemma="ya">ya </w><w n="79">vu</w><w n="80" lemma="pa">p</w><w n="81">pu</w><w n="82">vi</w><w n="83" lemma="ḷai">ḷai </w><w n="84">ka</w><w n="85"></w><w n="86">ḻa</w><w n="87" lemma="ṉi">ṉi </w><w n="88"></w><w n="89">ce</w><w n="90" lemma="ṉa">ṉ</w><w n="91">ṟa</w><w n="92" lemma="ṉa">ṉa </w><w n="93">ḷa</w><w n="94">ta</w><w n="95">ṉā</w><w n="96" lemma="ṟa">ṟ </w><w n="97">pa</w><w n="98">ṉi</w><w n="99">yi</w><w n="100">ru</w><w n="101" lemma="ma">m </w><w n="102">pa</w><w n="103">ra</w><w n="104" lemma="pa">p</w><w n="105">pi</w><w n="106" lemma="ṟa">ṟ </w><w n="107" lemma="ce">cē</w><w n="108" lemma="ra">r</w><w n="109" lemma="pa">p</w><w n="110">pa</w><w n="111" lemma="ṟa">ṟ </w><w n="112">ki</w><w n="113">ṉi</w><w n="114">va</w><w n="115" lemma="ri">ri </w><w n="116">ṉe</w><w n="117">ḷi</w><w n="118" lemma="ya">ya </w><w n="119">ḷe</w><w n="120" lemma="ṉa">ṉ</w><w n="121">ṉu</w><w n="122" lemma="na">n </w><w n="123">tū</w><w n="124" lemma="te">tē. </w></text></TEI><TEI n="G1pc"><text><w n="0" lemma="ce"> 269. cē</w><w n="1">yā</w><w n="2" lemma="ṟu">ṟu </w><w n="3">ce</w><w n="4" lemma="ṉa">ṉ</w><w n="5" lemma="ṟu">ṟu </w><w n="6">tu</w><w n="7">ṇai</w><w n="8">ya</w><w n="9" lemma="ri">ri </w><w n="10">ya</w><w n="11">cā</w><w n="12">vā</w><w n="13" lemma="tu">tu </w><w n="14">cā</w><w n="15">vu</w><w n="16">na</w><w n="17" lemma="ra">r</w><w n="18" lemma="pa">p </w><w n="19">pe</w><w n="20">ṟi</w><w n="21" lemma="ṉe">ṉē </w><w n="22">na</w><w n="23" lemma="ṉa">ṉ</w><w n="24">ṟu</w><w n="25">ma</w><w n="26" lemma="ṟa">ṟ </w><w n="27">ṟi</w><w n="28" lemma="la">l</w><w n="29" lemma="la">la </w><w n="30">va</w><w n="31">ya</w><w n="32" lemma="ca">c</w><w n="33">cu</w><w n="34" lemma="ṟā">ṟā </w><w n="35">ve</w><w n="36">ṟi</w><w n="37" lemma="na">n</w><w n="38" lemma="ta">ta </w><w n="39">pu</w><w n="40" lemma="ṇa">ṇ</w><w n="41">ṭa</w><w n="42">ṇi</w><w n="43" lemma="na">n </w><w n="44">te</w><w n="45" lemma="na">n</w><w n="46">tai</w><w n="47" lemma="yu">yu </w><w n="48"></w><w n="49">nī</w><w n="50">ṉi</w><w n="51">ṟa</w><w n="52" lemma="pa">p </w><w n="53">pe</w><w n="54">ru</w><w n="55" lemma="ṅa">ṅ</w><w n="56">ka</w><w n="57">ṭa</w><w n="58" lemma="la">l </w><w n="59">pu</w><w n="60" lemma="ka">k</w><w n="61">ka</w><w n="62">ṉa</w><w n="63" lemma="ṉa">ṉ </w><w n="64">yā</w><w n="65" lemma="yu">yu </w><w n="66">mu</w><w n="67" lemma="pa">p</w><w n="68" lemma="pai">pai </w><w n="69">mā</w><w n="70" lemma="ṟi">ṟi </w><w n="71">ve</w><w n="72" lemma="ṇa">ṇ</w><w n="73">ṇe</w><w n="74" lemma="ṟa">ṟ </w><w n="75">ṟa</w><w n="76">rī</w><w n="77">i</w><w n="78" lemma="ya">ya </w><w n="79">vu</w><w n="80" lemma="pa">p</w><w n="81">pu</w><w n="82">vi</w><w n="83" lemma="ḷai">ḷai </w><w n="84">ka</w><w n="85"></w><w n="86">ḻa</w><w n="87" lemma="ṉi">ṉi </w><w n="88"></w><w n="89">ce</w><w n="90" lemma="ṉa">ṉ</w><w n="91">ṟa</w><w n="92" lemma="ṉa">ṉa </w><w n="93">ḷa</w><w n="94">ta</w><w n="95">ṉā</w><w n="96" lemma="ṟa">ṟ </w><w n="97">pa</w><w n="98">ṉi</w><w n="99">yi</w><w n="100">ru</w><w n="101" lemma="ma">m </w><w n="102">pa</w><w n="103">ra</w><w n="104" lemma="pa">p</w><w n="105">pi</w><w n="106" lemma="ṟa">ṟ </w><w n="107" lemma="ce">cē</w><w n="108" lemma="ra">r</w><w n="109" lemma="pa">p</w><w n="110">pa</w><w n="111" lemma="ṟa">ṟ </w><w n="112">ki</w><w n="113">ṉi</w><w n="114">va</w><w n="115" lemma="ri">ri </w><w n="116">ṉe</w><w n="117">ḷi</w><w n="118" lemma="ya">ya </w><w n="119">ḷe</w><w n="120" lemma="ṉa">ṉ</w><w n="121">ṉu</w><w n="122" lemma="na">n </w><w n="123">tū</w><w n="124" lemma="te">tē. </w></text></TEI><TEI n="G2"><text><w n="0" lemma="ce"> 269 cē</w><w n="1">yā</w><w n="2" lemma="ṟu">ṟu </w><w n="3">ce</w><w n="4" lemma="ṉa">ṉ</w><w n="5" lemma="ṟu">ṟu </w><w n="6">tu</w><w n="7">ṇai</w><w n="8">ya</w><w n="9" lemma="ri">ri </w><w n="10">ya</w><w n="11">cā</w><w n="12" lemma="vā">vā </w><w n="13">tu</w><w n="14">cā</w><w n="15">vu</w><w n="16">na</w><w n="17" lemma="ra">r</w><w n="18" lemma="pa">p </w><w n="19">pe</w><w n="20">ṟi</w><w n="21" lemma="ṉe">ṉē </w><w n="22">na</w><w n="23" lemma="ṉa">ṉ</w><w n="24" lemma="ṟu">ṟu </w><w n="25">ma</w><w n="26" lemma="ṟa">ṟ</w><w n="27">ṟi</w><w n="28" lemma="la">l</w><w n="29" lemma="la">la </w><w n="30">va</w><w n="31">ya</w><w n="32" lemma="ca">c</w><w n="33">cu</w><w n="34" lemma="ṟā">ṟā </w><w n="35">ve</w><w n="36">ṟi</w><w n="37" lemma="na">n</w><w n="38" lemma="ta">ta </w><w n="39">pu</w><w n="40" lemma="ṇa">ṇ</w><w n="41">ṭa</w><w n="42">ṇi</w><w n="43" lemma="na">n </w><w n="44">te</w><w n="45" lemma="na">n</w><w n="46">tai</w><w n="47" lemma="yu">yu </w><w n="48"></w><w n="49">nī</w><w n="50">ṉi</w><w n="51">ṟa</w><w n="52" lemma="pa">p </w><w n="53">pe</w><w n="54">ru</w><w n="55" lemma="ṅa">ṅ</w><w n="56">ka</w><w n="57">ṭa</w><w n="58" lemma="la">l </w><w n="59">pu</w><w n="60" lemma="ka">k</w><w n="61">ka</w><w n="62">ṉa</w><w n="63" lemma="ṉa">ṉ </w><w n="64">yā</w><w n="65" lemma="yu">yu </w><w n="66">mu</w><w n="67" lemma="pa">p</w><w n="68" lemma="pai">pai </w><w n="69">mā</w><w n="70" lemma="ṟi">ṟi </w><w n="71">ve</w><w n="72" lemma="ṇa">ṇ</w><w n="73">ṇe</w><w n="74" lemma="ṟa">ṟ</w><w n="75" lemma="ṟa">ṟa </w><w n="76">rī</w><w n="77">i</w><w n="78" lemma="ya">ya </w><w n="79">vu</w><w n="80" lemma="pa">p</w><w n="81">pu</w><w n="82">vi</w><w n="83" lemma="ḷai">ḷai </w><w n="84">ka</w><w n="85"></w><w n="86">ḻa</w><w n="87" lemma="ṉi">ṉi </w><w n="88"></w><w n="89">ce</w><w n="90" lemma="ṉa">ṉ</w><w n="91">ṟa</w><w n="92" lemma="ṉa">ṉa </w><w n="93">ḷa</w><w n="94">ta</w><w n="95">ṉā</w><w n="96" lemma="ṟa">ṟ </w><w n="97">pa</w><w n="98">ṉi</w><w n="99">yi</w><w n="100">ru</w><w n="101" lemma="ma">m </w><w n="102">pa</w><w n="103">ra</w><w n="104" lemma="pa">p</w><w n="105">pi</w><w n="106" lemma="ṟa">ṟ </w><w n="107" lemma="ce">cē</w><w n="108" lemma="ra">r</w><w n="109" lemma="pa">p</w><w n="110">pa</w><w n="111" lemma="ṟa">ṟ </w><w n="112">ki</w><w n="113">ṉi</w><w n="114">va</w><w n="115" lemma="ri">ri </w><w n="116">ṉe</w><w n="117">ḷi</w><w n="118" lemma="ya">ya </w><w n="119">ḷe</w><w n="120" lemma="ṉa">ṉ</w><w n="121" lemma="ṉu">ṉu </w><w n="122" lemma="na">n</w><w n="123">tū</w><w n="124" lemma="te">tē — </w></text></TEI><TEI n="Cam-pāṭam"><text><w n="0" lemma="ce"> 269. cē</w><w n="1">yā</w><w n="2" lemma="ṟu">ṟu </w><w n="3">ce</w><w n="4" lemma="ṉa">ṉ</w><w n="5" lemma="ṟu">ṟu </w><w n="6">tu</w><w n="7">ṇai</w><w n="8">pa</w><w n="9" lemma="ri">ri </w><w n="10">ya</w><w n="11">cā</w><w n="12" lemma="vā">vā </w><w n="13">tu</w><w n="14">cā</w><w n="15">vu</w><w n="16">na</w><w n="17" lemma="ra">r</w><w n="18" lemma="pa">p </w><w n="19">pe</w><w n="20">ṟi</w><w n="21" lemma="ṉe">ṉē </w><w n="22">na</w><w n="23" lemma="ṉa">ṉ</w><w n="24">ṟu</w><w n="25">ma</w><w n="26" lemma="ṟa">ṟ </w><w n="27">ṟi</w><w n="28" lemma="la">l</w><w n="29" lemma="la">la </w><w n="30">va</w><w n="31">ya</w><w n="32" lemma="ca">c</w><w n="33">cu</w><w n="34" lemma="ṟā">ṟā </w><w n="35">ve</w><w n="36">ṟi</w><w n="37" lemma="na">n</w><w n="38" lemma="ta">ta </w><w n="39">pu</w><w n="40" lemma="ṇa">ṇ</w><w n="41">ṭa</w><w n="42">ṇi</w><w n="43" lemma="na">n </w><w n="44">te</w><w n="45" lemma="na">n</w><w n="46">tai</w><w n="47">yu</w><w n="48" lemma="ma">m </w><w n="49">nī</w><w n="50">ṉi</w><w n="51">ṟa</w><w n="52" lemma="pa">p </w><w n="53">pe</w><w n="54">ru</w><w n="55" lemma="ṅa">ṅ</w><w n="56">ka</w><w n="57">ṭa</w><w n="58" lemma="la">l </w><w n="59">pu</w><w n="60" lemma="ka">k</w><w n="61">ka</w><w n="62">ṉa</w><w n="63" lemma="ṉa">ṉ </w><w n="64">yā</w><w n="65">yu</w><w n="66" lemma="mu">m u</w><w n="67" lemma="pa">p</w><w n="68" lemma="pai">pai </w><w n="69">mā</w><w n="70" lemma="ṟi">ṟi </w><w n="71">ve</w><w n="72" lemma="ṇa">ṇ</w><w n="73">ṇe</w><w n="74" lemma="ṟa">ṟ </w><w n="75">ṟa</w><w n="76">rī</w><w n="77">i</w><w n="78" lemma="ya">ya </w><w n="79" lemma="vu">u</w><w n="80" lemma="pa">p</w><w n="81">pu</w><w n="82">vi</w><w n="83" lemma="ḷai">ḷai </w><w n="84">ka</w><w n="85"></w><w n="86">ḻa</w><w n="87" lemma="ṉi">ṉi </w><w n="88"></w><w n="89">ce</w><w n="90" lemma="ṉa">ṉ</w><w n="91">ṟa</w><w n="92">ṉa</w><w n="93">ḷa</w><w n="94">ta</w><w n="95">ṉā</w><w n="96" lemma="ṟa">ṟ </w><w n="97">pa</w><w n="98">ṉi</w><w n="99">yi</w><w n="100">ru</w><w n="101" lemma="ma">m </w><w n="102">pa</w><w n="103">ra</w><w n="104" lemma="pa">p</w><w n="105">pi</w><w n="106" lemma="ṟa">ṟ </w><w n="107" lemma="ce">cē</w><w n="108" lemma="ra">r</w><w n="109" lemma="pa">p</w><w n="110">pa</w><w n="111" lemma="ṟa">ṟ </w><w n="112">ki</w><w n="113">ṉi</w><w n="114">va</w><w n="115" lemma="ri">ri </w><w n="116">ṉe</w><w n="117">ḷi</w><w n="118" lemma="ya">ya </w><w n="119">ḷe</w><w n="120" lemma="ṉa">ṉ</w><w n="121">ṉu</w><w n="122" lemma="na">n </w><w n="123">tū</w><w n="124" lemma="te">tē. </w></text></TEI><TEI n="Cam"><text><w n="0" lemma="ce"> 269. cē</w><w n="1">yā</w><w n="2" lemma="ṟu">ṟu </w><w n="3">ce</w><w n="4" lemma="ṉa">ṉ</w><w n="5" lemma="ṟu">ṟu </w><w n="6">tu</w><w n="7">ṉai</w><w n="8">pa</w><w n="9" lemma="ri">ri </w><w n="10">ya</w><w n="11">cā</w><w n="12" lemma="vā">vā </w><w n="13">tu</w><w n="14">cā</w><w n="15">vu</w><w n="16">na</w><w n="17" lemma="ra">r</w><w n="18" lemma="pa">p </w><w n="19">pe</w><w n="20">ṟi</w><w n="21" lemma="ṉe">ṉē </w><w n="22">na</w><w n="23" lemma="ṉa">ṉ</w><w n="24">ṟu</w><w n="25">ma</w><w n="26" lemma="ṟa">ṟ </w><w n="27">ṟi</w><w n="28" lemma="la">l</w><w n="29" lemma="la">la </w><w n="30">va</w><w n="31">ya</w><w n="32" lemma="ca">c</w><w n="33">cu</w><w n="34" lemma="ṟā">ṟā </w><w n="35">ve</w><w n="36">ṟi</w><w n="37" lemma="na">n</w><w n="38" lemma="ta">ta </w><w n="39">pu</w><w n="40" lemma="ṇa">ṇ</w><w n="41">ṭa</w><w n="42">ṇi</w><w n="43" lemma="na">n </w><w n="44">te</w><w n="45" lemma="na">n</w><w n="46">tai</w><w n="47">yu</w><w n="48" lemma="ma">m </w><w n="49">nī</w><w n="50">ṉi</w><w n="51">ṟa</w><w n="52" lemma="pa">p </w><w n="53">pe</w><w n="54">ru</w><w n="55" lemma="ṅa">ṅ</w><w n="56">ka</w><w n="57">ṭa</w><w n="58" lemma="la">l </w><w n="59">pu</w><w n="60" lemma="ka">k</w><w n="61">ka</w><w n="62">ṉa</w><w n="63" lemma="ṉa">ṉ </w><w n="64">yā</w><w n="65">yu</w><w n="66" lemma="mu">m u</w><w n="67" lemma="pa">p</w><w n="68" lemma="pai">pai </w><w n="69">mā</w><w n="70" lemma="ṟi">ṟi </w><w n="71">ve</w><w n="72" lemma="ṇa">ṇ</w><w n="73">ṇe</w><w n="74" lemma="ṟa">ṟ </w><w n="75">ṟa</w><w n="76">rī</w><w n="77">i</w><w n="78" lemma="ya">ya </w><w n="79" lemma="vu">u</w><w n="80" lemma="pa">p</w><w n="81">pu</w><w n="82">vi</w><w n="83" lemma="ḷai">ḷai </w><w n="84">ka</w><w n="85"></w><w n="86">ḻa</w><w n="87">ṉi</w><w n="88" lemma="ca">c </w><w n="89">ce</w><w n="90" lemma="ṉa">ṉ</w><w n="91">ṟa</w><w n="92" lemma="ṉa">ṉa </w><w n="93">ḷa</w><w n="94">ta</w><w n="95">ṉā</w><w n="96" lemma="ṟa">ṟ </w><w n="97">pa</w><w n="98">ṉi</w><w n="99">yi</w><w n="100">ru</w><w n="101" lemma="ma">m </w><w n="102">pa</w><w n="103">ra</w><w n="104" lemma="pa">p</w><w n="105">pi</w><w n="106" lemma="ṟa">ṟ </w><w n="107" lemma="ce">cē</w><w n="108" lemma="ra">r</w><w n="109" lemma="pa">p</w><w n="110">pa</w><w n="111" lemma="ṟa">ṟ </w><w n="112">ki</w><w n="113">ṉi</w><w n="114">va</w><w n="115" lemma="ri">ri </w><w n="116">ṉe</w><w n="117">ḷi</w><w n="118" lemma="ya">ya </w><w n="119">ḷe</w><w n="120" lemma="ṉa">ṉ</w><w n="121">ṉu</w><w n="122" lemma="na">n </w><w n="123">tū</w><w n="124" lemma="te">tē. </w></text></TEI><TEI n="C2-pencil"><text><w n="0" lemma="ce"> 269. cē</w><w n="1">yā</w><w n="2" lemma="ṟu">ṟu </w><w n="3">ce</w><w n="4" lemma="ṉa">ṉ</w><w n="5" lemma="ṟu">ṟu </w><w n="6">tu</w><w n="7">ṉai</w><w n="8">pa</w><w n="9" lemma="ri">ri </w><w n="10">ya</w><w n="11">cā</w><w n="12" lemma="vā">vā </w><w n="13">tu</w><w n="14">cā</w><w n="15">vu</w><w n="16">na</w><w n="17" lemma="ra">r</w><w n="18" lemma="pa">p </w><w n="19">pe</w><w n="20">ṟi</w><w n="21" lemma="ṉe">ṉē </w><w n="22">na</w><w n="23" lemma="ṉa">ṉ</w><w n="24">ṟu</w><w n="25">ma</w><w n="26" lemma="ṟa">ṟ </w><w n="27">ṟi</w><w n="28" lemma="la">l</w><w n="29" lemma="la">la </w><w n="30">va</w><w n="31">ya</w><w n="32" lemma="ca">c</w><w n="33">cu</w><w n="34" lemma="ṟā">ṟā </w><w n="35">ve</w><w n="36">ṟi</w><w n="37" lemma="na">n</w><w n="38" lemma="ta">ta </w><w n="39">pu</w><w n="40" lemma="ṇa">ṇ</w><w n="41">ṭa</w><w n="42">ṇi</w><w n="43" lemma="na">n </w><w n="44">te</w><w n="45" lemma="na">n</w><w n="46">tai</w><w n="47" lemma="yu">yu </w><w n="48"></w><w n="49">nī</w><w n="50">ṉi</w><w n="51">ṟa</w><w n="52" lemma="pa">p </w><w n="53">pe</w><w n="54">ru</w><w n="55" lemma="ṅa">ṅ</w><w n="56">ka</w><w n="57">ṭa</w><w n="58" lemma="la">l </w><w n="59">pu</w><w n="60" lemma="ka">k</w><w n="61">ka</w><w n="62">ṉa</w><w n="63" lemma="ṉa">ṉ </w><w n="64">yā</w><w n="65" lemma="yu">yu </w><w n="66">mu</w><w n="67" lemma="pa">p</w><w n="68" lemma="pai">pai </w><w n="69">mā</w><w n="70" lemma="ṟi">ṟi </w><w n="71">ve</w><w n="72" lemma="ṇa">ṇ</w><w n="73">ṇe</w><w n="74" lemma="ṟa">ṟ </w><w n="75">ṟa</w><w n="76">rī</w><w n="77">i</w><w n="78" lemma="ya">ya </w><w n="79">vu</w><w n="80" lemma="pa">p</w><w n="81">pu</w><w n="82">vi</w><w n="83" lemma="ḷai">ḷai </w><w n="84">ka</w><w n="85"></w><w n="86">ḻa</w><w n="87">ṉi</w><w n="88" lemma="ca">c </w><w n="89">ce</w><w n="90" lemma="ṉa">ṉ</w><w n="91">ṟa</w><w n="92" lemma="ṉa">ṉa </w><w n="93">ḷa</w><w n="94">ta</w><w n="95">ṉā</w><w n="96" lemma="ṟa">ṟ </w><w n="97">pa</w><w n="98">ṉi</w><w n="99">yi</w><w n="100">ru</w><w n="101" lemma="ma">m </w><w n="102">pa</w><w n="103">ra</w><w n="104" lemma="pa">p</w><w n="105">pi</w><w n="106" lemma="ṟa">ṟ </w><w n="107" lemma="ce">cē</w><w n="108" lemma="ra">r</w><w n="109" lemma="pa">p</w><w n="110">pa</w><w n="111" lemma="ṟa">ṟ </w><w n="112">ki</w><w n="113">ṉi</w><w n="114">va</w><w n="115" lemma="ri">ri </w><w n="116">ṉe</w><w n="117">ḷi</w><w n="118" lemma="ya">ya </w><w n="119">ḷe</w><w n="120" lemma="ṉa">ṉ</w><w n="121">ṉu</w><w n="122" lemma="na">n </w><w n="123">tū</w><w n="124" lemma="te">tē. </w></text></TEI><TEI n="Ed"><text><w n="0" lemma="ce"> cē</w><w n="1">yā</w><w n="2" lemma="ṟu">ṟu </w><w n="3">ce</w><w n="4" lemma="ṉa">ṉ</w><w n="5" lemma="ṟu">ṟu </w><w n="6">tu</w><w n="7">ṉai</w><w n="8">pa</w><w n="9" lemma="ri">ri </w><w n="10">ya</w><w n="11">cā</w><w n="12" lemma="vā">vā </w><w n="13">tu</w><w n="14">cā</w><w n="15">vu</w><w n="16">na</w><w n="17" lemma="ra">r</w><w n="18" lemma="pa">p </w><w n="19">pe</w><w n="20">ṟi</w><w n="21" lemma="ṉe">ṉē </w><w n="22">na</w><w n="23" lemma="ṉa">ṉ</w><w n="24">ṟu</w><w n="25">ma</w><w n="26" lemma="ṟa">ṟ </w><w n="27">ṟi</w><w n="28" lemma="la">l</w><w n="29" lemma="la">la </w><w n="30">va</w><w n="31">ya</w><w n="32" lemma="ca">c</w><w n="33">cu</w><w n="34" lemma="ṟā">ṟā </w><w n="35">ve</w><w n="36">ṟi</w><w n="37" lemma="na">n</w><w n="38" lemma="ta">ta </w><w n="39">pu</w><w n="40" lemma="ṇa">ṇ</w><w n="41">ṭa</w><w n="42">ṇi</w><w n="43" lemma="na">n </w><w n="44">te</w><w n="45" lemma="na">n</w><w n="46">tai</w><w n="47" lemma="yu">yu </w><w n="48"></w><w n="49">nī</w><w n="50">ṉi</w><w n="51">ṟa</w><w n="52" lemma="pa">p </w><w n="53">pe</w><w n="54">ru</w><w n="55" lemma="ṅa">ṅ</w><w n="56">ka</w><w n="57">ṭa</w><w n="58" lemma="la">l </w><w n="59">pu</w><w n="60" lemma="ka">k</w><w n="61">ka</w><w n="62">ṉa</w><w n="63" lemma="ṉa">ṉ </w><w n="64">yā</w><w n="65" lemma="yu">yu </w><w n="66">mu</w><w n="67" lemma="pa">p</w><w n="68" lemma="pai">pai </w><w n="69">mā</w><w n="70" lemma="ṟi">ṟi </w><w n="71">ve</w><w n="72" lemma="ṇa">ṇ</w><w n="73">ṇe</w><w n="74" lemma="ṟa">ṟ </w><w n="75">ṟa</w><w n="76">rī</w><w n="77">i</w><w n="78" lemma="ya">ya </w><w n="79">vu</w><w n="80" lemma="pa">p</w><w n="81">pu</w><w n="82">vi</w><w n="83" lemma="ḷai">ḷai </w><w n="84">ka</w><w n="85"></w><w n="86">ḻa</w><w n="87">ṉi</w><w n="88" lemma="ca">c </w><w n="89">ce</w><w n="90" lemma="ṉa">ṉ</w><w n="91">ṟa</w><w n="92" lemma="ṉa">ṉa </w><w n="93">ḷa</w><w n="94">ta</w><w n="95">ṉā</w><w n="96" lemma="ṟa">ṟ </w><w n="97">pa</w><w n="98">ṉi</w><w n="99">yi</w><w n="100">ru</w><w n="101" lemma="ma">m </w><w n="102">pa</w><w n="103">ra</w><w n="104" lemma="pa">p</w><w n="105">pi</w><w n="106" lemma="ṟa">ṟ </w><w n="107" lemma="ce">cē</w><w n="108" lemma="ra">r</w><w n="109" lemma="pa">p</w><w n="110">pa</w><w n="111" lemma="ṟa">ṟ </w><w n="112">ki</w><w n="113">ṉi</w><w n="114">va</w><w n="115" lemma="ri">ri </w><w n="116">ṉe</w><w n="117">ḷi</w><w n="118" lemma="ya">ya </w><w n="119">ḷe</w><w n="120" lemma="ṉa">ṉ</w><w n="121">ṉu</w><w n="122" lemma="na">n </w><w n="123">tū</w><w n="124" lemma="te">tē. </w></text></TEI><TEI n="SS"><text><w n="0" lemma="ce"> 269. cē</w><w n="1">yā</w><w n="2" lemma="ṟu">ṟu </w><w n="3">ce</w><w n="4" lemma="ṉa">ṉ</w><w n="5" lemma="ṟu">ṟu </w><w n="6">tu</w><w n="7">ṉai</w><w n="8">pa</w><w n="9" lemma="ri">ri </w><w n="10">ya</w><w n="11">cā</w><w n="12" lemma="vā">vā </w><w n="13">tu</w><w n="14">cā</w><w n="15">vu</w><w n="16">na</w><w n="17" lemma="ra">r</w><w n="18" lemma="pa">p </w><w n="19">pe</w><w n="20">ṟi</w><w n="21" lemma="ṉe">ṉē </w><w n="22">na</w><w n="23" lemma="ṉa">ṉ</w><w n="24">ṟu</w><w n="25">ma</w><w n="26" lemma="ṟa">ṟ </w><w n="27">ṟi</w><w n="28" lemma="la">l</w><w n="29" lemma="la">la </w><w n="30">va</w><w n="31">ya</w><w n="32" lemma="ca">c</w><w n="33">cu</w><w n="34" lemma="ṟā">ṟā </w><w n="35" lemma="ve">e</w><w n="36">ṟi</w><w n="37" lemma="na">n</w><w n="38" lemma="ta">ta </w><w n="39">pu</w><w n="40" lemma="ṇa">ṇ</w><w n="41">ṭa</w><w n="42">ṇi</w><w n="43" lemma="na">n </w><w n="44">te</w><w n="45" lemma="na">n</w><w n="46">tai</w><w n="47">yu</w><w n="48" lemma="ma">m </w><w n="49">nī</w><w n="50">ṉi</w><w n="51">ṟa</w><w n="52" lemma="pa">p </w><w n="53">pe</w><w n="54">ru</w><w n="55" lemma="ṅa">ṅ</w><w n="56">ka</w><w n="57">ṭa</w><w n="58" lemma="la">l </w><w n="59">pu</w><w n="60" lemma="ka">k</w><w n="61">ka</w><w n="62">ṉa</w><w n="63" lemma="ṉa">ṉ </w><w n="64">yā</w><w n="65">yu</w><w n="66" lemma="mu">m u</w><w n="67" lemma="pa">p</w><w n="68" lemma="pai">pai </w><w n="69">mā</w><w n="70" lemma="ṟi">ṟi </w><w n="71">ve</w><w n="72" lemma="ṇa">ṇ</w><w n="73">ṇe</w><w n="74" lemma="la">l </w><w n="75">ta</w><w n="76">rī</w><w n="77">i</w><w n="78" lemma="ya">ya </w><w n="79" lemma="vu">u</w><w n="80" lemma="pa">p</w><w n="81">pu</w><w n="82">vi</w><w n="83" lemma="ḷai">ḷai </w><w n="84">ka</w><w n="85"></w><w n="86">ḻa</w><w n="87">ṉi</w><w n="88" lemma="ca">c </w><w n="89">ce</w><w n="90" lemma="ṉa">ṉ</w><w n="91">ṟa</w><w n="92">ṉa</w><w n="93" lemma="ḷa">ḷ· a</w><w n="94">ta</w><w n="95">ṉā</w><w n="96" lemma="la">l </w><w n="97">pa</w><w n="98">ṉi</w><w n="99">yi</w><w n="100">ru</w><w n="101" lemma="ma">m </w><w n="102">pa</w><w n="103">ra</w><w n="104" lemma="pa">p</w><w n="105">pi</w><w n="106" lemma="ṟa">ṟ </w><w n="107" lemma="ce">cē</w><w n="108" lemma="ra">r</w><w n="109" lemma="pa">p</w><w n="110">pa</w><w n="111" lemma="ṟa">ṟ </w><w n="112">ki</w><w n="113">ṉi</w><w n="114">va</w><w n="115" lemma="ri">ri </w><w n="116">ṉe</w><w n="117">ḷi</w><w n="118">ya</w><w n="119" lemma="ḷe">ḷ· e</w><w n="120" lemma="ṉa">ṉ</w><w n="121">ṉu</w><w n="122" lemma="na">m </w><w n="123">tū</w><w n="124" lemma="te">tē </w></text></TEI></teiCorpus>