<?xml version="1.0" encoding="UTF-8"?><teiCorpus xmlns="http://www.tei-c.org/ns/1.0" xml:lang="ta"><teiHeader><listWit><witness xml:id="Ed" source="KT400.xml"><abbr type="siglum">Ed</abbr><expan><title xmlns="http://www.tei-c.org/ns/1.0" xml:lang="ta">Kuṟuntokai</title>400. <persName xmlns="http://www.tei-c.org/ns/1.0" xml:lang="ta">pēyaṉār</persName>
                    : <hi xmlns="http://www.tei-c.org/ns/1.0" rend="italic">HE</hi></expan></witness><witness xml:id="C1" source="C1_UVSL_1076.xml"><abbr type="siglum">C1</abbr><expan><title xmlns="http://www.tei-c.org/ns/1.0" xml:lang="ta">Eṭṭuttokai</title></expan></witness><witness xml:id="C2" source="C2_UVSL_183.xml"><abbr type="siglum">C2</abbr><expan><title xmlns="http://www.tei-c.org/ns/1.0" xml:lang="ta">Kuṟuntokai</title></expan><witness xml:id="C2ac" type="ac"><abbr type="siglum">C2ac</abbr><expan><title xmlns="http://www.tei-c.org/ns/1.0" xml:lang="ta">Kuṟuntokai</title> [ante correctionem]</expan></witness><witness xml:id="C2pc" type="pc"><abbr type="siglum">C2pc</abbr><expan><title xmlns="http://www.tei-c.org/ns/1.0" xml:lang="ta">Kuṟuntokai</title> [post correctionem]</expan></witness><witness xml:id="C2-p"><abbr type="siglum">C2-p</abbr><expan><title xmlns="http://www.tei-c.org/ns/1.0" xml:lang="ta">Kuṟuntokai</title> [witness p]</expan></witness></witness><witness xml:id="C3" source="C3_UVSL_184.xml"><abbr type="siglum">C3</abbr><expan><title xmlns="http://www.tei-c.org/ns/1.0" xml:lang="ta">Kuṟuntokai</title></expan><witness xml:id="C3ac" type="ac"><abbr type="siglum">C3ac</abbr><expan><title xmlns="http://www.tei-c.org/ns/1.0" xml:lang="ta">Kuṟuntokai</title> [ante correctionem]</expan></witness><witness xml:id="C3pc" type="pc"><abbr type="siglum">C3pc</abbr><expan><title xmlns="http://www.tei-c.org/ns/1.0" xml:lang="ta">Kuṟuntokai</title> [post correctionem]</expan></witness></witness><witness xml:id="Cam" source="Cam.xml"><abbr type="siglum">Cam</abbr><expan><title xmlns="http://www.tei-c.org/ns/1.0" xml:lang="ta">Kuṟuntokai</title></expan><witness xml:id="Cam-p"><abbr type="siglum">Cam-p</abbr><expan><title xmlns="http://www.tei-c.org/ns/1.0" xml:lang="ta">Kuṟuntokai</title> [witness p]</expan></witness></witness><witness xml:id="EA" source="EA.xml"><abbr type="siglum">EA</abbr><expan><title xmlns="http://www.tei-c.org/ns/1.0" xml:lang="ta">Kuṟuntokai</title></expan></witness><witness xml:id="G1" source="G1_GOML_TD65.xml"><abbr type="siglum">G1</abbr><expan><title xmlns="http://www.tei-c.org/ns/1.0" xml:lang="ta">Kuṟuntokai</title></expan><witness xml:id="G1ac" type="ac"><abbr type="siglum">G1ac</abbr><expan><title xmlns="http://www.tei-c.org/ns/1.0" xml:lang="ta">Kuṟuntokai</title> [ante correctionem]</expan></witness><witness xml:id="G1pc" type="pc"><abbr type="siglum">G1pc</abbr><expan><title xmlns="http://www.tei-c.org/ns/1.0" xml:lang="ta">Kuṟuntokai</title> [post correctionem]</expan></witness></witness><witness xml:id="G2" source="G2_GOML_TR1072.xml"><abbr type="siglum">G2</abbr><expan><title xmlns="http://www.tei-c.org/ns/1.0" xml:lang="ta">Kuṟuntokai</title></expan><witness xml:id="G2ac" type="ac"><abbr type="siglum">G2ac</abbr><expan><title xmlns="http://www.tei-c.org/ns/1.0" xml:lang="ta">Kuṟuntokai</title> [ante correctionem]</expan></witness><witness xml:id="G2pc" type="pc"><abbr type="siglum">G2pc</abbr><expan><title xmlns="http://www.tei-c.org/ns/1.0" xml:lang="ta">Kuṟuntokai</title> [post correctionem]</expan></witness></witness><witness xml:id="SS" source="SS.xml"><abbr type="siglum">SS</abbr><expan><title xmlns="http://www.tei-c.org/ns/1.0" xml:lang="ta">Kuṟuntokai</title></expan></witness></listWit><xenoData><stemma format="nexml" id="stemma0"><nex:nexml xmlns:nex="http://www.nexml.org/2009" version="0.9"><nex:otus id="otus1"><nex:otu id="otu0" label="C2pc"/><nex:otu id="otu1" label="Cam"/><nex:otu id="otu2" label="C2-p"/><nex:otu id="otu3" label="C2ac"/><nex:otu id="otu4" label="Cam-p"/><nex:otu id="otu5" label="Ed"/><nex:otu id="otu6" label="G2ac"/><nex:otu id="otu7" label="G2pc"/><nex:otu id="otu8" label="EA"/><nex:otu id="otu9" label="SS"/><nex:otu id="otu10" label="C3ac"/><nex:otu id="otu11" label="G1ac"/><nex:otu id="otu12" label="C1"/><nex:otu id="otu13" label="C3pc"/><nex:otu id="otu14" label="G1pc"/></nex:otus><nex:trees otus="otus1" id="trees1"><nex:tree id="guidetree" label="guidetree" xsi:type="nex:FloatTree" xmlns:xsi="http://www.w3.org/2001/XMLSchema-instance"><nex:node id="ee60a41a-21d1-41de-8a9e-dcd3019f9773"  root="true"/><nex:node id="7e7ef08b-03dc-43de-9914-6ac69d9cffc7"  /><nex:node id="85c20402-dd24-4de2-977f-4a691df9a981"  /><nex:node id="388177cf-5d7a-4433-9e2b-b87997cb910d"  /><nex:node id="ee9110ac-e7c8-495e-958f-9a323363ff55" label="C2pc" otu="otu4" /><nex:node id="de74a9b6-70f7-4164-b4d3-8962e3299c52" label="Cam" otu="otu5" /><nex:node id="17e2da24-f6ad-4715-bbdc-e16809700a39"  /><nex:node id="d29b4ccb-792c-4a36-a0e9-c0a75a299959" label="C2-p" otu="otu7" /><nex:node id="3edfc844-e1e8-4f2b-a0f8-ca6ec3e2e502" label="C2ac" otu="otu8" /><nex:node id="fdbda972-1b05-44f3-9b1d-23505298fce1"  /><nex:node id="80a38384-3c25-46ce-ad98-b7bfee28b63e" label="Cam-p" otu="otu10" /><nex:node id="1b9a9748-857c-4608-8650-e94d4f626c3a" label="Ed" otu="otu11" /><nex:node id="2d65952f-07f9-49a7-b36c-f5a279c3ccb6"  /><nex:node id="29e0eb82-352c-4b2b-be4e-4bcbfa41a794"  /><nex:node id="9ea26262-0e66-4763-9421-e552a2edd5d2"  /><nex:node id="8959ddd1-58e3-4899-85ed-e3767c782e6c" label="G2ac" otu="otu15" /><nex:node id="240dbf7b-3c3a-4d36-a83e-0583cfd8ec44" label="G2pc" otu="otu16" /><nex:node id="abb4a5ab-6465-40bd-b808-30bd8566f9b7"  /><nex:node id="f6111d59-cf9e-4588-8a43-74a3714a5afb" label="EA" otu="otu18" /><nex:node id="c7e7a6ee-0285-44c2-b6e0-361565080934" label="SS" otu="otu19" /><nex:node id="935a50d5-01bc-4866-9028-754523f30a8a"  /><nex:node id="e31c9d2f-400e-426e-af42-a35af32dc767"  /><nex:node id="4d6d10bc-1394-430d-b9dd-d585c92aef70"  /><nex:node id="9bb66b2c-1f8c-4198-a48b-1e1b468e587b" label="C3ac" otu="otu23" /><nex:node id="cf15a42d-1862-4d7f-bd3e-7a1e9374c5f4" label="G1ac" otu="otu24" /><nex:node id="0a4997d8-8342-4cf1-9eff-96db0dd52140" label="C1" otu="otu25" /><nex:node id="ee9d8863-e9fb-4a4e-8556-9879dfb735cd"  /><nex:node id="de2f1639-7df2-4977-9177-5e331cb480b4" label="C3pc" otu="otu27" /><nex:node id="2ae0e870-817c-4c04-8aa7-31c7dd8b2ecb" label="G1pc" otu="otu28" /><nex:edge source="ee60a41a-21d1-41de-8a9e-dcd3019f9773" target="7e7ef08b-03dc-43de-9914-6ac69d9cffc7" id="edge0" length="0.14384393767531295"/><nex:edge source="ee60a41a-21d1-41de-8a9e-dcd3019f9773" target="2d65952f-07f9-49a7-b36c-f5a279c3ccb6" id="edge1" length="0.14384393767531295"/><nex:edge source="7e7ef08b-03dc-43de-9914-6ac69d9cffc7" target="85c20402-dd24-4de2-977f-4a691df9a981" id="edge2" length="0"/><nex:edge source="7e7ef08b-03dc-43de-9914-6ac69d9cffc7" target="fdbda972-1b05-44f3-9b1d-23505298fce1" id="edge3" length="0.16333173274145918"/><nex:edge source="2d65952f-07f9-49a7-b36c-f5a279c3ccb6" target="29e0eb82-352c-4b2b-be4e-4bcbfa41a794" id="edge4" length="0.018497624507404192"/><nex:edge source="2d65952f-07f9-49a7-b36c-f5a279c3ccb6" target="935a50d5-01bc-4866-9028-754523f30a8a" id="edge5" length="0.20860654540444534"/><nex:edge source="85c20402-dd24-4de2-977f-4a691df9a981" target="388177cf-5d7a-4433-9e2b-b87997cb910d" id="edge6" length="0"/><nex:edge source="85c20402-dd24-4de2-977f-4a691df9a981" target="17e2da24-f6ad-4715-bbdc-e16809700a39" id="edge7" length="0"/><nex:edge source="fdbda972-1b05-44f3-9b1d-23505298fce1" target="80a38384-3c25-46ce-ad98-b7bfee28b63e" id="edge8" length="0.02888942241951388"/><nex:edge source="fdbda972-1b05-44f3-9b1d-23505298fce1" target="1b9a9748-857c-4608-8650-e94d4f626c3a" id="edge9" length="0.20687393952453115"/><nex:edge source="29e0eb82-352c-4b2b-be4e-4bcbfa41a794" target="9ea26262-0e66-4763-9421-e552a2edd5d2" id="edge10" length="0.4427087058482384"/><nex:edge source="29e0eb82-352c-4b2b-be4e-4bcbfa41a794" target="abb4a5ab-6465-40bd-b808-30bd8566f9b7" id="edge11" length="0.03589112492392249"/><nex:edge source="935a50d5-01bc-4866-9028-754523f30a8a" target="e31c9d2f-400e-426e-af42-a35af32dc767" id="edge12" length="0.12719635269361898"/><nex:edge source="935a50d5-01bc-4866-9028-754523f30a8a" target="ee9d8863-e9fb-4a4e-8556-9879dfb735cd" id="edge13" length="0.20817148941001865"/><nex:edge source="388177cf-5d7a-4433-9e2b-b87997cb910d" target="ee9110ac-e7c8-495e-958f-9a323363ff55" id="edge14" length="0"/><nex:edge source="388177cf-5d7a-4433-9e2b-b87997cb910d" target="de74a9b6-70f7-4164-b4d3-8962e3299c52" id="edge15" length="0"/><nex:edge source="17e2da24-f6ad-4715-bbdc-e16809700a39" target="d29b4ccb-792c-4a36-a0e9-c0a75a299959" id="edge16" length="0"/><nex:edge source="17e2da24-f6ad-4715-bbdc-e16809700a39" target="3edfc844-e1e8-4f2b-a0f8-ca6ec3e2e502" id="edge17" length="0"/><nex:edge source="9ea26262-0e66-4763-9421-e552a2edd5d2" target="8959ddd1-58e3-4899-85ed-e3767c782e6c" id="edge18" length="0"/><nex:edge source="9ea26262-0e66-4763-9421-e552a2edd5d2" target="240dbf7b-3c3a-4d36-a83e-0583cfd8ec44" id="edge19" length="0"/><nex:edge source="abb4a5ab-6465-40bd-b808-30bd8566f9b7" target="f6111d59-cf9e-4588-8a43-74a3714a5afb" id="edge20" length="0.48622296467625153"/><nex:edge source="abb4a5ab-6465-40bd-b808-30bd8566f9b7" target="c7e7a6ee-0285-44c2-b6e0-361565080934" id="edge21" length="0.5006321406305521"/><nex:edge source="e31c9d2f-400e-426e-af42-a35af32dc767" target="4d6d10bc-1394-430d-b9dd-d585c92aef70" id="edge22" length="0.15143917747995658"/><nex:edge source="e31c9d2f-400e-426e-af42-a35af32dc767" target="0a4997d8-8342-4cf1-9eff-96db0dd52140" id="edge23" length="0.2565030969038905"/><nex:edge source="ee9d8863-e9fb-4a4e-8556-9879dfb735cd" target="de2f1639-7df2-4977-9177-5e331cb480b4" id="edge24" length="0"/><nex:edge source="ee9d8863-e9fb-4a4e-8556-9879dfb735cd" target="2ae0e870-817c-4c04-8aa7-31c7dd8b2ecb" id="edge25" length="1.6148698540002277e-16"/><nex:edge source="4d6d10bc-1394-430d-b9dd-d585c92aef70" target="9bb66b2c-1f8c-4198-a48b-1e1b468e587b" id="edge26" length="0"/><nex:edge source="4d6d10bc-1394-430d-b9dd-d585c92aef70" target="cf15a42d-1862-4d7f-bd3e-7a1e9374c5f4" id="edge27" length="0"/></nex:tree></nex:trees></nex:nexml></stemma></xenoData></teiHeader><TEI n="C2pc"><text><w n="0" lemma="e"> e-</w><w n="1" lemma="tu">tu. </w><w n="2">vi</w><w n="3" lemma="ṉai">ṉai </w><w n="4">mu</w><w n="5" lemma="ṟa">ṟ</w><w n="6" lemma="ṟi">ṟi </w><w n="7">va</w><w n="8" lemma="na">n</w><w n="9" lemma="ta">ta </w><w n="10">ta</w><w n="11">lai</w><w n="12">ma</w><w n="13">ka</w><w n="14" lemma="ṉa">ṉ, </w><w n="15" lemma="te">tē</w><w n="16" lemma="ra">r</w><w n="17" lemma="pa">p</w><w n="18">pā</w><w n="19">ka</w><w n="20">ṉai</w><w n="21" lemma="ta">t </w><w n="22">ta</w><w n="23" lemma="lai">lai </w><w n="24">ya</w><w n="25">ḷi</w><w n="26" lemma="ta">t</w><w n="27">ta</w><w n="28" lemma="tu">tu. </w><w n="29" lemma="pe">pē</w><w n="30">ya</w><w n="31">ṉā</w><w n="32" lemma="ra">r. </w><w n="33"></w><w n="34"></w><w n="35"></w><w n="36"></w></text></TEI><TEI n="Cam"><text><w n="0" lemma="e"> e-</w><w n="1" lemma="tu">tu. </w><w n="2">vi</w><w n="3">ṉai</w><w n="4">mu</w><w n="5" lemma="ṟa">ṟ</w><w n="6" lemma="ṟi">ṟi </w><w n="7">va</w><w n="8" lemma="na">n</w><w n="9" lemma="ta">ta </w><w n="10">ta</w><w n="11">lai</w><w n="12">ma</w><w n="13">ka</w><w n="14" lemma="ṉa">ṉ, </w><w n="15" lemma="te">tē</w><w n="16" lemma="ra">r</w><w n="17" lemma="pa">p</w><w n="18">pā</w><w n="19">ka</w><w n="20">ṉai</w><w n="21" lemma="ta">t </w><w n="22">ta</w><w n="23">lai</w><w n="24">ya</w><w n="25">ḷi</w><w n="26" lemma="ta">t</w><w n="27">ta</w><w n="28" lemma="tu">tu. </w><w n="29" lemma="pe">pē</w><w n="30">ya</w><w n="31">ṉā</w><w n="32" lemma="ra">r. </w><w n="33"></w><w n="34"></w><w n="35"></w><w n="36"></w></text></TEI><TEI n="C2-p"><text><w n="0" lemma="e"> e-</w><w n="1" lemma="tu">tu. </w><w n="2">vi</w><w n="3" lemma="ṉai">ṉai </w><w n="4">mu</w><w n="5" lemma="ṟa">ṟ</w><w n="6" lemma="ṟi">ṟi </w><w n="7">va</w><w n="8" lemma="na">n</w><w n="9" lemma="ta">ta </w><w n="10">ta</w><w n="11">lai</w><w n="12">ma</w><w n="13">ka</w><w n="14" lemma="ṉa">ṉ, </w><w n="15" lemma="te">tē</w><w n="16" lemma="ra">r</w><w n="17" lemma="pa">p</w><w n="18">pā</w><w n="19">ka</w><w n="20">ṉai</w><w n="21" lemma="ta">t </w><w n="22">ta</w><w n="23" lemma="lai">lai </w><w n="24">ya</w><w n="25">ḷi</w><w n="26" lemma="ta">t</w><w n="27">ta</w><w n="28" lemma="tu">tu. </w><w n="29" lemma="pe">pē</w><w n="30">ya</w><w n="31">ṉā</w><w n="32" lemma="ra">r. </w><w n="33"></w><w n="34"></w><w n="35"></w><w n="36"></w></text></TEI><TEI n="C2ac"><text><w n="0" lemma="e"> e-</w><w n="1" lemma="tu">tu. </w><w n="2">vi</w><w n="3" lemma="ṉai">ṉai </w><w n="4">mu</w><w n="5" lemma="ṟa">ṟ</w><w n="6" lemma="ṟi">ṟi </w><w n="7">va</w><w n="8" lemma="na">n</w><w n="9" lemma="ta">ta </w><w n="10">ta</w><w n="11">lai</w><w n="12">ma</w><w n="13">ka</w><w n="14" lemma="ṉa">ṉ, </w><w n="15" lemma="te">tē</w><w n="16" lemma="ra">r</w><w n="17" lemma="pa">p</w><w n="18">pā</w><w n="19">ka</w><w n="20">ṉai</w><w n="21" lemma="ta">t </w><w n="22">ta</w><w n="23" lemma="lai">lai </w><w n="24">ya</w><w n="25">ḷi</w><w n="26" lemma="ta">t</w><w n="27">ta</w><w n="28" lemma="tu">tu. </w><w n="29" lemma="pe">pē</w><w n="30">ya</w><w n="31">ṉā</w><w n="32" lemma="ra">r. </w><w n="33"></w><w n="34"></w><w n="35"></w><w n="36"></w></text></TEI><TEI n="Cam-p"><text><w n="0" lemma="e"> e-</w><w n="1" lemma="tu">tu. </w><w n="2">vi</w><w n="3">ṉai</w><w n="4">mu</w><w n="5" lemma="ṟa">ṟ</w><w n="6" lemma="ṟi">ṟi </w><w n="7">va</w><w n="8" lemma="na">n</w><w n="9" lemma="ta">ta </w><w n="10">ta</w><w n="11">lai</w><w n="12">ma</w><w n="13">ka</w><w n="14" lemma="ṉa">ṉ, </w><w n="15" lemma="te">tē</w><w n="16" lemma="ra">r</w><w n="17" lemma="pa">p</w><w n="18">pā</w><w n="19">ka</w><w n="20">ṉai</w><w n="21" lemma="ta">t </w><w n="22">ta</w><w n="23">lai</w><w n="24">ya</w><w n="25">ḷi</w><w n="26" lemma="ta">t</w><w n="27">ta</w><w n="28" lemma="tu">tu. </w><w n="29" lemma="pe">pē</w><w n="30">ya</w><w n="31">ṉā</w><w n="32" lemma="ra">r. </w><w n="33"></w><w n="34"></w><w n="35"></w><w n="36"></w></text></TEI><TEI n="Ed"><text><w n="0" lemma=""> </w><w n="1"></w><w n="2">vi</w><w n="3">ṉai</w><w n="4">mu</w><w n="5" lemma="ṟa">ṟ</w><w n="6" lemma="ṟi">ṟi </w><w n="7">va</w><w n="8" lemma="na">n</w><w n="9" lemma="ta">ta </w><w n="10">ta</w><w n="11">lai</w><w n="12">ma</w><w n="13">ka</w><w n="14" lemma="ṉa">ṉ </w><w n="15" lemma="te">tē</w><w n="16" lemma="ra">r</w><w n="17" lemma="pa">p</w><w n="18">pā</w><w n="19">ka</w><w n="20">ṉai</w><w n="21" lemma="ta">t </w><w n="22">ta</w><w n="23">lai</w><w n="24">ya</w><w n="25">ḷi</w><w n="26" lemma="ta">t</w><w n="27">ta</w><w n="28" lemma="tu">tu. </w><w n="29"></w><w n="30"></w><w n="31"></w><w n="32"></w><w n="33"></w><w n="34"></w><w n="35"></w><w n="36"></w></text></TEI><TEI n="G2ac"><text><w n="0" lemma="e"> e</w><w n="1" lemma="tu:">tu:― </w><w n="2">vi</w><w n="3">ṉai</w><w n="4">mu</w><w n="5" lemma="ṟa">ṟ</w><w n="6" lemma="ṟi">ṟi </w><w n="7">va</w><w n="8" lemma="na">n</w><w n="9" lemma="ta">ta </w><w n="10">ta</w><w n="11">lai</w><w n="12">ma</w><w n="13">ka</w><w n="14" lemma="ṉa">ṉ </w><w n="15" lemma="te">tē</w><w n="16" lemma="ra">r</w><w n="17" lemma="pa">p</w><w n="18">pā</w><w n="19">ka</w><w n="20">ṉai</w><w n="21" lemma="ta">t </w><w n="22">ta</w><w n="23">lai</w><w n="24">ya</w><w n="25">ḷi</w><w n="26" lemma="ta">t</w><w n="27">ta</w><w n="28" lemma="tu">tu― ―</w><w n="29" lemma="pe">pē</w><w n="30">ya</w><w n="31">ṉā</w><w n="32" lemma="ra">r― </w><w n="33"></w><w n="34"></w><w n="35"></w><w n="36"></w></text></TEI><TEI n="G2pc"><text><w n="0" lemma="e"> e</w><w n="1" lemma="tu:">tu:― </w><w n="2">vi</w><w n="3">ṉai</w><w n="4">mu</w><w n="5" lemma="ṟa">ṟ</w><w n="6" lemma="ṟi">ṟi </w><w n="7">va</w><w n="8" lemma="na">n</w><w n="9" lemma="ta">ta </w><w n="10">ta</w><w n="11">lai</w><w n="12">ma</w><w n="13">ka</w><w n="14" lemma="ṉa">ṉ </w><w n="15" lemma="te">tē</w><w n="16" lemma="ra">r</w><w n="17" lemma="pa">p</w><w n="18">pā</w><w n="19">ka</w><w n="20">ṉai</w><w n="21" lemma="ta">t </w><w n="22">ta</w><w n="23">lai</w><w n="24">ya</w><w n="25">ḷi</w><w n="26" lemma="ta">t</w><w n="27">ta</w><w n="28" lemma="tu">tu― ―</w><w n="29" lemma="pe">pē</w><w n="30">ya</w><w n="31">ṉā</w><w n="32" lemma="ra">r― </w><w n="33"></w><w n="34"></w><w n="35"></w><w n="36"></w></text></TEI><TEI n="EA"><text><w n="0" lemma="i"> [i</w><w n="1" lemma="tu">tu, </w><w n="2">vi</w><w n="3">ṉai</w><w n="4">mu</w><w n="5" lemma="ṟa">ṟ</w><w n="6">ṟi</w><w n="7">va</w><w n="8" lemma="na">n</w><w n="9" lemma="ta">ta </w><w n="10">ta</w><w n="11">lai</w><w n="12">ma</w><w n="13">ka</w><w n="14" lemma="ṉa">ṉ </w><w n="15" lemma="te">tē</w><w n="16" lemma="ra">r</w><w n="17" lemma="pa">p</w><w n="18">pā</w><w n="19">ka</w><w n="20">ṉai</w><w n="21" lemma="ta">t </w><w n="22">ta</w><w n="23">lai</w><w n="24">ya</w><w n="25">ḷi</w><w n="26" lemma="ta">t</w><w n="27">ta</w><w n="28" lemma="tu">tu.] [</w><w n="29" lemma="pe">pē</w><w n="30">ya</w><w n="31">ṉā</w><w n="32" lemma="ra">r </w><w n="33">pā</w><w n="34">ṭi</w><w n="35">ya</w><w n="36" lemma="tu">tu.] </w></text></TEI><TEI n="SS"><text><w n="0" lemma="tu"> tu</w><w n="1" lemma="ṟai:">ṟai :― </w><w n="2">vi</w><w n="3">ṉai</w><w n="4">mu</w><w n="5" lemma="ṟa">ṟ</w><w n="6" lemma="ṟi">ṟi </w><w n="7">va</w><w n="8" lemma="na">n</w><w n="9" lemma="ta">ta </w><w n="10">ta</w><w n="11">lai</w><w n="12">va</w><w n="13"></w><w n="14" lemma="ṉa">ṉ </w><w n="15" lemma="te">tē</w><w n="16" lemma="ra">r</w><w n="17" lemma="pa">p</w><w n="18">pā</w><w n="19">ka</w><w n="20">ṉai</w><w n="21" lemma="ta">t </w><w n="22">ta</w><w n="23">lai</w><w n="24">ya</w><w n="25">ḷi</w><w n="26" lemma="ta">t</w><w n="27">ta</w><w n="28" lemma="tu">tu. </w><w n="29"></w><w n="30"></w><w n="31"></w><w n="32"></w><w n="33"></w><w n="34"></w><w n="35"></w><w n="36"></w></text></TEI><TEI n="C3ac"><text><w n="0" lemma="e"> e</w><w n="1" lemma="tu">tu. </w><w n="2">vi</w><w n="3">ṉai</w><w n="4">mu</w><w n="5" lemma="ṟa">ṟ</w><w n="6" lemma="ṟi">ṟi </w><w n="7">va</w><w n="8" lemma="na">n</w><w n="9" lemma="ta">ta </w><w n="10">ta</w><w n="11">lai</w><w n="12">ma</w><w n="13">ka</w><w n="14" lemma="ṉa">ṉ </w><w n="15" lemma="ṟe">ṟē</w><w n="16" lemma="ra">r</w><w n="17" lemma="pa">p</w><w n="18">pā</w><w n="19">ka</w><w n="20">ṉai</w><w n="21" lemma="ta">t </w><w n="22">ta</w><w n="23">lai</w><w n="24">ya</w><w n="25">ḻi</w><w n="26" lemma="ta">t</w><w n="27">ta</w><w n="28" lemma="tu">tu. </w><w n="29">pe</w><w n="30">ya</w><w n="31">ṉā</w><w n="32" lemma="ra">r 400. </w><w n="33"></w><w n="34"></w><w n="35"></w><w n="36"></w></text></TEI><TEI n="G1ac"><text><w n="0" lemma="e"> e</w><w n="1" lemma="tu">tu. </w><w n="2">vi</w><w n="3">ṉai</w><w n="4">mu</w><w n="5" lemma="ṟa">ṟ</w><w n="6" lemma="ṟi">ṟi </w><w n="7">va</w><w n="8" lemma="na">n</w><w n="9" lemma="ta">ta </w><w n="10">ta</w><w n="11">lai</w><w n="12">ma</w><w n="13">ka</w><w n="14" lemma="ṉa">ṉ </w><w n="15" lemma="ṟe">ṟē</w><w n="16" lemma="ra">r</w><w n="17" lemma="pa">p</w><w n="18">pā</w><w n="19">ka</w><w n="20">ṉai</w><w n="21" lemma="ta">t </w><w n="22">ta</w><w n="23">lai</w><w n="24">ya</w><w n="25">ḻi</w><w n="26" lemma="ta">t</w><w n="27">ta</w><w n="28" lemma="tu">tu. </w><w n="29" lemma="pe">pē</w><w n="30">ya</w><w n="31">ṉā</w><w n="32" lemma="ra">r. </w><w n="33"></w><w n="34"></w><w n="35"></w><w n="36"></w></text></TEI><TEI n="C1"><text><w n="0" lemma="e"> e</w><w n="1" lemma="tu">tu </w><w n="2">vi</w><w n="3">ṉai</w><w n="4">mu</w><w n="5" lemma="ṟa">ṟ</w><w n="6" lemma="ṟi">ṟi </w><w n="7">va</w><w n="8" lemma="na">n</w><w n="9" lemma="ta">ta </w><w n="10">ta</w><w n="11">lai</w><w n="12">ma</w><w n="13">ka</w><w n="14" lemma="ṉa">ṉ </w><w n="15">ṟe</w><w n="16" lemma="ra">r</w><w n="17" lemma="pa">p</w><w n="18">pā</w><w n="19">ka</w><w n="20">ḷai</w><w n="21" lemma="ta">t </w><w n="22">ta</w><w n="23">lai</w><w n="24">ya</w><w n="25">ḻi</w><w n="26" lemma="ta">t</w><w n="27">ta</w><w n="28" lemma="tu">tu · </w><w n="29">pe</w><w n="30">ya</w><w n="31">ṉā</w><w n="32" lemma="ra">r · 400 </w><w n="33"></w><w n="34"></w><w n="35"></w><w n="36"></w></text></TEI><TEI n="C3pc"><text><w n="0" lemma="e"> e</w><w n="1" lemma="tu">tu. </w><w n="2">vi</w><w n="3">ṉai</w><w n="4">mu</w><w n="5" lemma="ṟa">ṟ</w><w n="6" lemma="ṟi">ṟi </w><w n="7">va</w><w n="8" lemma="na">n</w><w n="9" lemma="ta">ta </w><w n="10">ta</w><w n="11">lai</w><w n="12">ma</w><w n="13">ka</w><w n="14" lemma="ṉa">ṉ </w><w n="15" lemma="ṟe">ṟē</w><w n="16" lemma="ra">r</w><w n="17" lemma="pa">p</w><w n="18">pā</w><w n="19">ka</w><w n="20">ṉai</w><w n="21" lemma="ta">t </w><w n="22">ta</w><w n="23">lai</w><w n="24">ya</w><w n="25">ḷi</w><w n="26" lemma="ta">t</w><w n="27">ta</w><w n="28" lemma="tu">tu. </w><w n="29">pe</w><w n="30">ya</w><w n="31">ṉā</w><w n="32" lemma="ra">r 400. </w><w n="33"></w><w n="34"></w><w n="35"></w><w n="36"></w></text></TEI><TEI n="G1pc"><text><w n="0" lemma="e"> e</w><w n="1" lemma="tu">tu. </w><w n="2">vi</w><w n="3">ṉai</w><w n="4">mu</w><w n="5" lemma="ṟa">ṟ</w><w n="6" lemma="ṟi">ṟi </w><w n="7">va</w><w n="8" lemma="na">n</w><w n="9" lemma="ta">ta </w><w n="10">ta</w><w n="11">lai</w><w n="12">ma</w><w n="13">ka</w><w n="14" lemma="ṉa">ṉ </w><w n="15" lemma="ṟe">ṟē</w><w n="16" lemma="ra">r</w><w n="17" lemma="pa">p</w><w n="18">pā</w><w n="19">ka</w><w n="20">ṉai</w><w n="21" lemma="ta">t </w><w n="22">ta</w><w n="23">lai</w><w n="24">ya</w><w n="25">ḷi</w><w n="26" lemma="ta">t</w><w n="27">ta</w><w n="28" lemma="tu">tu. </w><w n="29" lemma="pe">pē</w><w n="30">ya</w><w n="31">ṉā</w><w n="32" lemma="ra">r. </w><w n="33"></w><w n="34"></w><w n="35"></w><w n="36"></w></text></TEI></teiCorpus>