<?xml version="1.0" encoding="UTF-8"?><teiCorpus xmlns="http://www.tei-c.org/ns/1.0" xml:lang="ta"><teiHeader><listWit><witness xml:id="Ed" source="KT400.xml"><abbr type="siglum">Ed</abbr><expan><title xmlns="http://www.tei-c.org/ns/1.0" xml:lang="ta">Kuṟuntokai</title>400. <persName xmlns="http://www.tei-c.org/ns/1.0" xml:lang="ta">pēyaṉār</persName>
                    : <hi xmlns="http://www.tei-c.org/ns/1.0" rend="italic">HE</hi></expan></witness><witness xml:id="C1" source="C1_UVSL_1076.xml"><abbr type="siglum">C1</abbr><expan><title xmlns="http://www.tei-c.org/ns/1.0" xml:lang="ta">Eṭṭuttokai</title></expan></witness><witness xml:id="C2" source="C2_UVSL_183.xml"><abbr type="siglum">C2</abbr><expan><title xmlns="http://www.tei-c.org/ns/1.0" xml:lang="ta">Kuṟuntokai</title></expan><witness xml:id="C2ac" type="ac"><abbr type="siglum">C2ac</abbr><expan><title xmlns="http://www.tei-c.org/ns/1.0" xml:lang="ta">Kuṟuntokai</title> [ante correctionem]</expan></witness><witness xml:id="C2pc" type="pc"><abbr type="siglum">C2pc</abbr><expan><title xmlns="http://www.tei-c.org/ns/1.0" xml:lang="ta">Kuṟuntokai</title> [post correctionem]</expan></witness><witness xml:id="C2-p"><abbr type="siglum">C2-p</abbr><expan><title xmlns="http://www.tei-c.org/ns/1.0" xml:lang="ta">Kuṟuntokai</title> [witness p]</expan></witness></witness><witness xml:id="C3" source="C3_UVSL_184.xml"><abbr type="siglum">C3</abbr><expan><title xmlns="http://www.tei-c.org/ns/1.0" xml:lang="ta">Kuṟuntokai</title></expan><witness xml:id="C3ac" type="ac"><abbr type="siglum">C3ac</abbr><expan><title xmlns="http://www.tei-c.org/ns/1.0" xml:lang="ta">Kuṟuntokai</title> [ante correctionem]</expan></witness><witness xml:id="C3pc" type="pc"><abbr type="siglum">C3pc</abbr><expan><title xmlns="http://www.tei-c.org/ns/1.0" xml:lang="ta">Kuṟuntokai</title> [post correctionem]</expan></witness></witness><witness xml:id="Cam" source="Cam.xml"><abbr type="siglum">Cam</abbr><expan><title xmlns="http://www.tei-c.org/ns/1.0" xml:lang="ta">Kuṟuntokai</title></expan><witness xml:id="Cam-p"><abbr type="siglum">Cam-p</abbr><expan><title xmlns="http://www.tei-c.org/ns/1.0" xml:lang="ta">Kuṟuntokai</title> [witness p]</expan></witness></witness><witness xml:id="EA" source="EA.xml"><abbr type="siglum">EA</abbr><expan><title xmlns="http://www.tei-c.org/ns/1.0" xml:lang="ta">Kuṟuntokai</title></expan></witness><witness xml:id="G1" source="G1_GOML_TD65.xml"><abbr type="siglum">G1</abbr><expan><title xmlns="http://www.tei-c.org/ns/1.0" xml:lang="ta">Kuṟuntokai</title></expan><witness xml:id="G1ac" type="ac"><abbr type="siglum">G1ac</abbr><expan><title xmlns="http://www.tei-c.org/ns/1.0" xml:lang="ta">Kuṟuntokai</title> [ante correctionem]</expan></witness><witness xml:id="G1pc" type="pc"><abbr type="siglum">G1pc</abbr><expan><title xmlns="http://www.tei-c.org/ns/1.0" xml:lang="ta">Kuṟuntokai</title> [post correctionem]</expan></witness></witness><witness xml:id="G2" source="G2_GOML_TR1072.xml"><abbr type="siglum">G2</abbr><expan><title xmlns="http://www.tei-c.org/ns/1.0" xml:lang="ta">Kuṟuntokai</title></expan><witness xml:id="G2ac" type="ac"><abbr type="siglum">G2ac</abbr><expan><title xmlns="http://www.tei-c.org/ns/1.0" xml:lang="ta">Kuṟuntokai</title> [ante correctionem]</expan></witness><witness xml:id="G2pc" type="pc"><abbr type="siglum">G2pc</abbr><expan><title xmlns="http://www.tei-c.org/ns/1.0" xml:lang="ta">Kuṟuntokai</title> [post correctionem]</expan></witness></witness><witness xml:id="SS" source="SS.xml"><abbr type="siglum">SS</abbr><expan><title xmlns="http://www.tei-c.org/ns/1.0" xml:lang="ta">Kuṟuntokai</title></expan></witness></listWit><xenoData><stemma format="nexml" id="stemma0"><nex:nexml xmlns:nex="http://www.nexml.org/2009" version="0.9"><nex:otus id="otus1"><nex:otu id="otu0" label="C1"/><nex:otu id="otu1" label="C3ac"/><nex:otu id="otu2" label="G1ac"/><nex:otu id="otu3" label="G1pc"/><nex:otu id="otu4" label="C3pc"/><nex:otu id="otu5" label="C2pc"/><nex:otu id="otu6" label="Cam"/><nex:otu id="otu7" label="Ed"/><nex:otu id="otu8" label="C2-p"/><nex:otu id="otu9" label="Cam-p"/><nex:otu id="otu10" label="SS"/><nex:otu id="otu11" label="G2pc"/><nex:otu id="otu12" label="G2ac"/><nex:otu id="otu13" label="C2ac"/><nex:otu id="otu14" label="EA"/></nex:otus><nex:trees otus="otus1" id="trees1"><nex:tree id="guidetree" label="guidetree" xsi:type="nex:FloatTree" xmlns:xsi="http://www.w3.org/2001/XMLSchema-instance"><nex:node id="8f7805ad-0b87-4f73-b925-470861fcd183"  root="true"/><nex:node id="ec4a2984-0f5b-434d-8baa-a7eebbb0d311"  /><nex:node id="cbc8c60c-63a3-4a1a-8676-d1a73af9e4fd"  /><nex:node id="de6ca54d-917e-4cbf-8f20-d3a06743e4eb" label="C1" otu="otu3" /><nex:node id="a02fa6c0-1f1d-4449-9689-122a6b7ae3fb" label="C3ac" otu="otu4" /><nex:node id="9f92b29b-95d5-4ad1-8dbc-fe0559ebbbc8"  /><nex:node id="d58b8055-afde-45ee-960b-3496a5e0b200"  /><nex:node id="a5714141-2f67-43af-a8e7-e82c8838b104" label="G1ac" otu="otu7" /><nex:node id="e1eae94a-bf24-496c-81f9-018b477977f7" label="G1pc" otu="otu8" /><nex:node id="ace32456-709d-4889-9713-4f268e68b30d" label="C3pc" otu="otu9" /><nex:node id="d5ee5412-82b5-4689-8c21-afae7a8df14d"  /><nex:node id="9ba18c73-a747-4e24-8305-93ed76ba189c"  /><nex:node id="4cbf2023-a2be-4901-af14-4e147bf088ac"  /><nex:node id="97518cf3-9cae-47ba-a31b-791fb0dc5ff8"  /><nex:node id="086dca99-6661-4992-8b71-0a973a2cca31" label="C2pc" otu="otu14" /><nex:node id="46594504-ab3d-47ef-9eb8-b2fa2c6bd36b"  /><nex:node id="99026cc5-965e-4f0a-bf63-c253addccd7a" label="Cam" otu="otu16" /><nex:node id="be131a69-d849-42e9-9637-172d51e523b0" label="Ed" otu="otu17" /><nex:node id="e0f98b36-401c-4581-a4ea-93aa18d3b200" label="C2-p" otu="otu18" /><nex:node id="8cbbe709-51f7-468c-821e-881395013f23"  /><nex:node id="1be87cd7-7441-468f-8d86-3b89938249cf" label="Cam-p" otu="otu20" /><nex:node id="c4a3eca5-6c8f-4c58-9af0-3437989f7476" label="SS" otu="otu21" /><nex:node id="b52ad93c-b75f-4459-a64f-1bfdf4516392"  /><nex:node id="2f8bdf89-41a6-46fb-842b-e22c0e4a4674"  /><nex:node id="59e8b6e8-5dbe-4c0c-8466-62da7c3c5a09" label="G2pc" otu="otu24" /><nex:node id="148bb7c6-c26f-4c15-8c2b-97e2119c6a2c" label="G2ac" otu="otu25" /><nex:node id="2838e1a7-e838-47eb-920f-5c68259dbbe1"  /><nex:node id="b5194711-2b46-472a-a693-cc066a90f7c8" label="C2ac" otu="otu27" /><nex:node id="39fbedc0-c3d8-48b4-8231-e51524a43cf4" label="EA" otu="otu28" /><nex:edge source="8f7805ad-0b87-4f73-b925-470861fcd183" target="ec4a2984-0f5b-434d-8baa-a7eebbb0d311" id="edge0" length="0.039954578998078555"/><nex:edge source="8f7805ad-0b87-4f73-b925-470861fcd183" target="d5ee5412-82b5-4689-8c21-afae7a8df14d" id="edge1" length="0.039954578998078555"/><nex:edge source="ec4a2984-0f5b-434d-8baa-a7eebbb0d311" target="cbc8c60c-63a3-4a1a-8676-d1a73af9e4fd" id="edge2" length="0.08951573456402262"/><nex:edge source="ec4a2984-0f5b-434d-8baa-a7eebbb0d311" target="9f92b29b-95d5-4ad1-8dbc-fe0559ebbbc8" id="edge3" length="0.3253746064672277"/><nex:edge source="d5ee5412-82b5-4689-8c21-afae7a8df14d" target="9ba18c73-a747-4e24-8305-93ed76ba189c" id="edge4" length="0.05688827062858248"/><nex:edge source="d5ee5412-82b5-4689-8c21-afae7a8df14d" target="b52ad93c-b75f-4459-a64f-1bfdf4516392" id="edge5" length="0.05996665107031485"/><nex:edge source="cbc8c60c-63a3-4a1a-8676-d1a73af9e4fd" target="de6ca54d-917e-4cbf-8f20-d3a06743e4eb" id="edge6" length="0.3262815879027776"/><nex:edge source="cbc8c60c-63a3-4a1a-8676-d1a73af9e4fd" target="a02fa6c0-1f1d-4449-9689-122a6b7ae3fb" id="edge7" length="0.31912522646482055"/><nex:edge source="9f92b29b-95d5-4ad1-8dbc-fe0559ebbbc8" target="d58b8055-afde-45ee-960b-3496a5e0b200" id="edge8" length="0"/><nex:edge source="9f92b29b-95d5-4ad1-8dbc-fe0559ebbbc8" target="ace32456-709d-4889-9713-4f268e68b30d" id="edge9" length="0.045574567491434015"/><nex:edge source="9ba18c73-a747-4e24-8305-93ed76ba189c" target="4cbf2023-a2be-4901-af14-4e147bf088ac" id="edge10" length="0.14693860504603418"/><nex:edge source="9ba18c73-a747-4e24-8305-93ed76ba189c" target="8cbbe709-51f7-468c-821e-881395013f23" id="edge11" length="0.0945293620309623"/><nex:edge source="b52ad93c-b75f-4459-a64f-1bfdf4516392" target="2f8bdf89-41a6-46fb-842b-e22c0e4a4674" id="edge12" length="0.27372308433329545"/><nex:edge source="b52ad93c-b75f-4459-a64f-1bfdf4516392" target="2838e1a7-e838-47eb-920f-5c68259dbbe1" id="edge13" length="0.02003507529135451"/><nex:edge source="d58b8055-afde-45ee-960b-3496a5e0b200" target="a5714141-2f67-43af-a8e7-e82c8838b104" id="edge14" length="5.551115123125783e-17"/><nex:edge source="d58b8055-afde-45ee-960b-3496a5e0b200" target="e1eae94a-bf24-496c-81f9-018b477977f7" id="edge15" length="5.551115123125783e-17"/><nex:edge source="4cbf2023-a2be-4901-af14-4e147bf088ac" target="97518cf3-9cae-47ba-a31b-791fb0dc5ff8" id="edge16" length="0.17457176160874377"/><nex:edge source="4cbf2023-a2be-4901-af14-4e147bf088ac" target="e0f98b36-401c-4581-a4ea-93aa18d3b200" id="edge17" length="0.35669720476814726"/><nex:edge source="8cbbe709-51f7-468c-821e-881395013f23" target="1be87cd7-7441-468f-8d86-3b89938249cf" id="edge18" length="0.3757282647129757"/><nex:edge source="8cbbe709-51f7-468c-821e-881395013f23" target="c4a3eca5-6c8f-4c58-9af0-3437989f7476" id="edge19" length="0.32745590421001414"/><nex:edge source="2f8bdf89-41a6-46fb-842b-e22c0e4a4674" target="59e8b6e8-5dbe-4c0c-8466-62da7c3c5a09" id="edge20" length="0.13833881935932893"/><nex:edge source="2f8bdf89-41a6-46fb-842b-e22c0e4a4674" target="148bb7c6-c26f-4c15-8c2b-97e2119c6a2c" id="edge21" length="0.1640541388128902"/><nex:edge source="2838e1a7-e838-47eb-920f-5c68259dbbe1" target="b5194711-2b46-472a-a693-cc066a90f7c8" id="edge22" length="0.43132534111064175"/><nex:edge source="2838e1a7-e838-47eb-920f-5c68259dbbe1" target="39fbedc0-c3d8-48b4-8231-e51524a43cf4" id="edge23" length="0.38574770597559765"/><nex:edge source="97518cf3-9cae-47ba-a31b-791fb0dc5ff8" target="086dca99-6661-4992-8b71-0a973a2cca31" id="edge24" length="0.020787736844663993"/><nex:edge source="97518cf3-9cae-47ba-a31b-791fb0dc5ff8" target="46594504-ab3d-47ef-9eb8-b2fa2c6bd36b" id="edge25" length="0"/><nex:edge source="46594504-ab3d-47ef-9eb8-b2fa2c6bd36b" target="99026cc5-965e-4f0a-bf63-c253addccd7a" id="edge26" length="0"/><nex:edge source="46594504-ab3d-47ef-9eb8-b2fa2c6bd36b" target="be131a69-d849-42e9-9637-172d51e523b0" id="edge27" length="0"/></nex:tree></nex:trees></nex:nexml></stemma></xenoData></teiHeader><TEI n="C1"><text><w n="0" lemma="ce"> ce</w><w n="1">yā</w><w n="2" lemma="ṟu">ṟu </w><w n="3">ce</w><w n="4" lemma="la">l</w><w n="5" lemma="lā">lā </w><w n="6">mā</w><w n="7" lemma="yi">yi </w><w n="8">ṉi</w><w n="9">ṭa</w><w n="10">ri</w><w n="11" lemma="ṉa">ṉ</w><w n="12" lemma="ṟu">ṟu </w><w n="13">ka</w><w n="14">ḷai</w><w n="15"></w><w n="16" lemma="ka">k</w><w n="17"></w><w n="18">kā</w><w n="19">ma</w><w n="20" lemma="ma">m </w><w n="21">pe</w><w n="22">ru</w><w n="23" lemma="na">n</w><w n="24">to</w><w n="25" lemma="ṭa">ṭ </w><w n="26">ke</w><w n="27" lemma="ṉa">ṉ</w><w n="28" lemma="ṟu">ṟu </w><w n="29">na</w><w n="30" lemma="ṉa">ṉ</w><w n="31">ṟu</w><w n="32">pu</w><w n="33">ri</w><w n="34" lemma="na">n </w><w n="35">te</w><w n="36" lemma="ṇa">ṇ</w><w n="37">ṇi</w><w n="38" lemma="ya">ya </w><w n="39">ma</w><w n="40">ṉa</w><w n="41" lemma="ta">t</w><w n="42" lemma="tai">tai </w><w n="43">ki</w><w n="44" lemma="ya">ya </w><w n="45">mu</w><w n="46">ra</w><w n="47" lemma="ma">m</w><w n="48">pu</w><w n="49">ka</w><w n="50" lemma="ṇa">ṇ </w><w n="51">ṇu</w><w n="52">ṭai</w><w n="53" lemma="ya">ya </w><w n="54">ve</w><w n="55">ki</w><w n="56" lemma="ka">k </w><w n="57">ka</w><w n="58" lemma="ḷa">ḷ</w><w n="59">ḷa</w><w n="60">ri</w><w n="61" lemma="ka">k </w><w n="62">ka</w><w n="63">ra</w><w n="64" lemma="ma">m</w><w n="65">pai</w><w n="66" lemma="pa">p </w><w n="67">pu</w><w n="68">tu</w><w n="69">va</w><w n="70">ḻi</w><w n="71" lemma="pa">p </w><w n="72">pa</w><w n="73">ṭu</w><w n="74" lemma="ta">t</w><w n="75" lemma="ta">ta </w><w n="76">ma</w><w n="77">ti</w><w n="78">yu</w><w n="79" lemma="ṭai">ṭai </w><w n="80">va</w><w n="81">la</w><w n="82" lemma="vo">vo </w><w n="83">yi</w><w n="84" lemma="ṉa">ṉ</w><w n="85" lemma="ṟu">ṟu </w><w n="86"></w><w n="87" lemma="na">n</w><w n="88">ta</w><w n="89" lemma="ṉai">ṉai </w><w n="90">te</w><w n="91"></w><w n="92" lemma="ro">ro </w><w n="93">no</w><w n="94">yu</w><w n="95">ḻai</w><w n="96" lemma="na">n </w><w n="97">tu</w><w n="98">ṟai</w><w n="99">vi</w><w n="100" lemma="yai">yai </w><w n="101">na</w><w n="102" lemma="la">l</w><w n="103">kā</w><w n="104"></w><w n="105" lemma="ṉe">ṉē </w></text></TEI><TEI n="C3ac"><text><w n="0" lemma="ce"> ce</w><w n="1">yā</w><w n="2" lemma="ṟu">ṟu </w><w n="3">ce</w><w n="4" lemma="la">l</w><w n="5" lemma="lā">lā </w><w n="6">mā</w><w n="7" lemma="yi">yi </w><w n="8">ṉi</w><w n="9">ṭa</w><w n="10">ri</w><w n="11" lemma="ṉa">ṉ</w><w n="12" lemma="ṟu">ṟu, </w><w n="13">ka</w><w n="14">ḷai</w><w n="15"></w><w n="16" lemma="ka">k</w><w n="17"></w><w n="18">kā</w><w n="19">ma</w><w n="20" lemma="ma">m </w><w n="21">pe</w><w n="22">ru</w><w n="23" lemma="na">n</w><w n="24" lemma="to">tō</w><w n="25" lemma="ṭa">ṭa </w><w n="26">ke</w><w n="27" lemma="ṉa">ṉ</w><w n="28" lemma="ṟu">ṟu, </w><w n="29">na</w><w n="30" lemma="ṉa">ṉ</w><w n="31">ṟu</w><w n="32">pu</w><w n="33">ri</w><w n="34" lemma="na">n </w><w n="35">te</w><w n="36" lemma="ṇa">ṇ</w><w n="37">ṇi</w><w n="38" lemma="ya">ya </w><w n="39">ma</w><w n="40">ṉa</w><w n="41" lemma="ta">t</w><w n="42" lemma="tai">tai </w><w n="43">yā</w><w n="44" lemma="ki">ki, </w><w n="45">mu</w><w n="46">ra</w><w n="47" lemma="ma">m</w><w n="48">pu</w><w n="49">ka</w><w n="50" lemma="ṇa">ṇ </w><w n="51">ṇu</w><w n="52">ṭai</w><w n="53" lemma="ya">ya </w><w n="54">ve</w><w n="55" lemma="ki">ki(</w><w n="56" lemma="ka">k </w><w n="57">ka</w><w n="58" lemma="ḷa">ḷ</w><w n="59">ḷa</w><w n="60" lemma="ri">ri)</w><w n="61" lemma="ka">k </w><w n="62">ka</w><w n="63">ra</w><w n="64" lemma="ma">m</w><w n="65">pai</w><w n="66" lemma="pa">p, </w><w n="67">pu</w><w n="68">tu</w><w n="69">va</w><w n="70">ḻi</w><w n="71" lemma="pa">p </w><w n="72">pa</w><w n="73">ṭu</w><w n="74" lemma="ta">t</w><w n="75" lemma="ta">ta </w><w n="76">ma</w><w n="77">ti</w><w n="78">yu</w><w n="79" lemma="ṭai">ṭai </w><w n="80">va</w><w n="81">la</w><w n="82" lemma="ve">vē, </w><w n="83">yi</w><w n="84" lemma="ṉa">ṉ</w><w n="85" lemma="ṟu">ṟu </w><w n="86">ta</w><w n="87" lemma="na">n</w><w n="88">ta</w><w n="89" lemma="ṉai">ṉai </w><w n="90" lemma="te">tē</w><w n="91"></w><w n="92" lemma="ro">rō, </w><w n="93" lemma="no">nō</w><w n="94">yu</w><w n="95">ḻai</w><w n="96" lemma="na">n </w><w n="97">tu</w><w n="98">ṟai</w><w n="99">vi</w><w n="100" lemma="yai">yai </w><w n="101">na</w><w n="102">la</w><w n="103">kā</w><w n="104"></w><w n="105" lemma="ṉe">ṉē. </w></text></TEI><TEI n="G1ac"><text><w n="0" lemma="ce"> 399. ce</w><w n="1">yā</w><w n="2" lemma="ṟu">ṟu </w><w n="3">ce</w><w n="4" lemma="la">l</w><w n="5" lemma="lā">lā </w><w n="6">mā</w><w n="7" lemma="yi">yi </w><w n="8">ṉi</w><w n="9">ṭa</w><w n="10">ri</w><w n="11" lemma="ṉa">ṉ/ </w><w n="12">ṟu</w><w n="13">ka</w><w n="14">ḷai</w><w n="15"></w><w n="16" lemma="ka">k </w><w n="17"></w><w n="18">kā</w><w n="19">ma</w><w n="20" lemma="ma">m </w><w n="21">pe</w><w n="22">ru</w><w n="23" lemma="na">n</w><w n="24" lemma="to">tō</w><w n="25" lemma="ṭa">ṭ </w><w n="26">ke</w><w n="27" lemma="ṉa">ṉ</w><w n="28" lemma="ṟu">ṟu </w><w n="29">na</w><w n="30" lemma="ṉa">ṉ</w><w n="31">ṟu</w><w n="32">pu</w><w n="33">ri</w><w n="34" lemma="na">n </w><w n="35">te</w><w n="36" lemma="ṇa">ṇ</w><w n="37">ṇi</w><w n="38" lemma="ya">ya </w><w n="39">ma</w><w n="40">ṉa</w><w n="41" lemma="ta">t</w><w n="42" lemma="tai">tai </w><w n="43">yā</w><w n="44" lemma="ki">ki/ </w><w n="45">mu</w><w n="46">ra</w><w n="47" lemma="ma">m</w><w n="48">pu</w><w n="49">ka</w><w n="50" lemma="ṇa">ṇ </w><w n="51">ṇu</w><w n="52">ṭai</w><w n="53" lemma="ya">ya </w><w n="54" lemma="ve">vē</w><w n="55">ki</w><w n="56" lemma="ka">k </w><w n="57">ka</w><w n="58" lemma="ḷa">ḷ</w><w n="59">ḷa</w><w n="60">ri</w><w n="61" lemma="ka">k/ </w><w n="62">ka</w><w n="63">ra</w><w n="64" lemma="ma">m</w><w n="65">pai</w><w n="66" lemma="pa">p </w><w n="67">pu</w><w n="68">tu</w><w n="69">va</w><w n="70">ḻi</w><w n="71" lemma="pa">p </w><w n="72">pa</w><w n="73">ṭu</w><w n="74" lemma="ta">t</w><w n="75" lemma="ta">ta </w><w n="76">ma</w><w n="77">ti</w><w n="78">yu</w><w n="79" lemma="ṭai">ṭai </w><w n="80">va</w><w n="81">la</w><w n="82" lemma="vo">vo/ </w><w n="83">yi</w><w n="84" lemma="ṉa">ṉ</w><w n="85" lemma="ṟu">ṟu </w><w n="86">ta</w><w n="87" lemma="na">n</w><w n="88">ta</w><w n="89" lemma="ṉai">ṉai </w><w n="90" lemma="te">tē</w><w n="91"></w><w n="92" lemma="ro">rō/ </w><w n="93" lemma="no">nō</w><w n="94">yu</w><w n="95">ḻa</w><w n="96" lemma="na">n </w><w n="97">tu</w><w n="98">ṟai</w><w n="99">vi</w><w n="100" lemma="yai">yai </w><w n="101">na</w><w n="102" lemma="la">l</w><w n="103">kā</w><w n="104"></w><w n="105" lemma="ṉe">ṉē </w></text></TEI><TEI n="G1pc"><text><w n="0" lemma="ce"> 399. ce</w><w n="1">yā</w><w n="2" lemma="ṟu">ṟu </w><w n="3">ce</w><w n="4" lemma="la">l</w><w n="5" lemma="lā">lā </w><w n="6">mā</w><w n="7" lemma="yi">yi </w><w n="8">ṉi</w><w n="9">ṭa</w><w n="10">ri</w><w n="11" lemma="ṉa">ṉ/ </w><w n="12">ṟu</w><w n="13">ka</w><w n="14">ḷai</w><w n="15"></w><w n="16" lemma="ka">k </w><w n="17"></w><w n="18">kā</w><w n="19">ma</w><w n="20" lemma="ma">m </w><w n="21">pe</w><w n="22">ru</w><w n="23" lemma="na">n</w><w n="24" lemma="to">tō</w><w n="25" lemma="ṭa">ṭ </w><w n="26">ke</w><w n="27" lemma="ṉa">ṉ</w><w n="28" lemma="ṟu">ṟu </w><w n="29">na</w><w n="30" lemma="ṉa">ṉ</w><w n="31">ṟu</w><w n="32">pu</w><w n="33">ri</w><w n="34" lemma="na">n </w><w n="35">te</w><w n="36" lemma="ṇa">ṇ</w><w n="37">ṇi</w><w n="38" lemma="ya">ya </w><w n="39">ma</w><w n="40">ṉa</w><w n="41" lemma="ta">t</w><w n="42" lemma="tai">tai </w><w n="43">yā</w><w n="44" lemma="ki">ki/ </w><w n="45">mu</w><w n="46">ra</w><w n="47" lemma="ma">m</w><w n="48">pu</w><w n="49">ka</w><w n="50" lemma="ṇa">ṇ </w><w n="51">ṇu</w><w n="52">ṭai</w><w n="53" lemma="ya">ya </w><w n="54" lemma="ve">vē</w><w n="55">ki</w><w n="56" lemma="ka">k </w><w n="57">ka</w><w n="58" lemma="ḷa">ḷ</w><w n="59">ḷa</w><w n="60">ri</w><w n="61" lemma="ka">k/ </w><w n="62">ka</w><w n="63">ra</w><w n="64" lemma="ma">m</w><w n="65">pai</w><w n="66" lemma="pa">p </w><w n="67">pu</w><w n="68">tu</w><w n="69">va</w><w n="70">ḻi</w><w n="71" lemma="pa">p </w><w n="72">pa</w><w n="73">ṭu</w><w n="74" lemma="ta">t</w><w n="75" lemma="ta">ta </w><w n="76">ma</w><w n="77">ti</w><w n="78">yu</w><w n="79" lemma="ṭai">ṭai </w><w n="80">va</w><w n="81">la</w><w n="82" lemma="vo">vo/ </w><w n="83">yi</w><w n="84" lemma="ṉa">ṉ</w><w n="85" lemma="ṟu">ṟu </w><w n="86">ta</w><w n="87" lemma="na">n</w><w n="88">ta</w><w n="89" lemma="ṉai">ṉai </w><w n="90" lemma="te">tē</w><w n="91"></w><w n="92" lemma="ro">rō/ </w><w n="93" lemma="no">nō</w><w n="94">yu</w><w n="95">ḻa</w><w n="96" lemma="na">n </w><w n="97">tu</w><w n="98">ṟai</w><w n="99">vi</w><w n="100" lemma="yai">yai </w><w n="101">na</w><w n="102" lemma="la">l</w><w n="103">kā</w><w n="104"></w><w n="105" lemma="ṉe">ṉē </w></text></TEI><TEI n="C3pc"><text><w n="0" lemma="ce"> ce</w><w n="1">yā</w><w n="2" lemma="ṟu">ṟu </w><w n="3">ce</w><w n="4" lemma="la">l</w><w n="5" lemma="lā">lā </w><w n="6">mā</w><w n="7" lemma="yi">yi </w><w n="8">ṉi</w><w n="9">ṭa</w><w n="10">ri</w><w n="11" lemma="ṉa">ṉ</w><w n="12" lemma="ṟu">ṟu, </w><w n="13">ka</w><w n="14">ḷai</w><w n="15"></w><w n="16" lemma="ka">k</w><w n="17"></w><w n="18">kā</w><w n="19">ma</w><w n="20" lemma="ma">m </w><w n="21">pe</w><w n="22">ru</w><w n="23" lemma="na">n</w><w n="24" lemma="to">tō</w><w n="25" lemma="ṭa">ṭa </w><w n="26">ke</w><w n="27" lemma="ṉa">ṉ</w><w n="28" lemma="ṟu">ṟu, </w><w n="29">na</w><w n="30" lemma="ṉa">ṉ</w><w n="31">ṟu</w><w n="32">pu</w><w n="33">ri</w><w n="34" lemma="na">n </w><w n="35">te</w><w n="36" lemma="ṇa">ṇ</w><w n="37">ṇi</w><w n="38" lemma="ya">ya </w><w n="39">ma</w><w n="40">ṉa</w><w n="41" lemma="ta">t</w><w n="42" lemma="tai">tai </w><w n="43">yā</w><w n="44" lemma="ki">ki, </w><w n="45">mu</w><w n="46">ra</w><w n="47" lemma="ma">m</w><w n="48">pu</w><w n="49">ka</w><w n="50" lemma="ṇa">ṇ </w><w n="51">ṇu</w><w n="52">ṭai</w><w n="53" lemma="ya">ya </w><w n="54">ve</w><w n="55" lemma="ki">ki(</w><w n="56" lemma="ka">k </w><w n="57">ka</w><w n="58" lemma="ḷa">ḷ</w><w n="59">ḷa</w><w n="60" lemma="ri">ri)</w><w n="61" lemma="ka">k </w><w n="62">ka</w><w n="63">ra</w><w n="64" lemma="ma">m</w><w n="65">pai</w><w n="66" lemma="pa">p, </w><w n="67">pu</w><w n="68">tu</w><w n="69">va</w><w n="70">ḻi</w><w n="71" lemma="pa">p </w><w n="72">pa</w><w n="73">ṭu</w><w n="74" lemma="ta">t</w><w n="75" lemma="ta">ta </w><w n="76">ma</w><w n="77">ti</w><w n="78">yu</w><w n="79" lemma="ṭai">ṭai </w><w n="80">va</w><w n="81">la</w><w n="82" lemma="vo">vō, </w><w n="83">yi</w><w n="84" lemma="ṉa">ṉ</w><w n="85" lemma="ṟu">ṟu </w><w n="86">ta</w><w n="87" lemma="na">n</w><w n="88">ta</w><w n="89" lemma="ṉai">ṉai </w><w n="90" lemma="te">tē</w><w n="91"></w><w n="92" lemma="ro">rō, </w><w n="93" lemma="no">nō</w><w n="94">yu</w><w n="95">ḻa</w><w n="96" lemma="na">n </w><w n="97">tu</w><w n="98">ṟai</w><w n="99">vi</w><w n="100" lemma="yai">yai </w><w n="101">na</w><w n="102" lemma="la">l</w><w n="103">ka</w><w n="104">lā</w><w n="105" lemma="ṉe">ṉē. </w></text></TEI><TEI n="C2pc"><text><w n="0" lemma="ce"> 400. cē</w><w n="1">yā</w><w n="2" lemma="ṟu">ṟu </w><w n="3">ce</w><w n="4" lemma="la">l</w><w n="5" lemma="lā">lā </w><w n="6">mā</w><w n="7" lemma="yi">yi </w><w n="8">ṉi</w><w n="9">ṭa</w><w n="10">ri</w><w n="11" lemma="ṉa">ṉ</w><w n="12" lemma="ṟu">ṟu </w><w n="13">ka</w><w n="14">ḷai</w><w n="15">ka</w><w n="16">la</w><w n="17" lemma="ṅa">ṅ </w><w n="18">kā</w><w n="19">ma</w><w n="20" lemma="ma">m </w><w n="21">pe</w><w n="22">ru</w><w n="23" lemma="na">n</w><w n="24" lemma="to">tō</w><w n="25" lemma="ṭa">ṭ </w><w n="26">ke</w><w n="27" lemma="ṉa">ṉ</w><w n="28" lemma="ṟu">ṟu </w><w n="29">na</w><w n="30" lemma="ṉa">ṉ</w><w n="31">ṟu</w><w n="32">pu</w><w n="33">ri</w><w n="34" lemma="na">n </w><w n="35">te</w><w n="36" lemma="ṇa">ṇ</w><w n="37">ṇi</w><w n="38" lemma="ya">ya </w><w n="39">ma</w><w n="40">ṉa</w><w n="41" lemma="ta">t</w><w n="42" lemma="tai">tai </w><w n="43">yā</w><w n="44" lemma="ki">ki </w><w n="45">mu</w><w n="46">ra</w><w n="47" lemma="ma">m</w><w n="48">pu</w><w n="49">ka</w><w n="50" lemma="ṇa">ṇ </w><w n="51">ṇu</w><w n="52">ṭai</w><w n="53" lemma="ya">ya </w><w n="54" lemma="ve">vē</w><w n="55">ki</w><w n="56" lemma="ka">k </w><w n="57">ka</w><w n="58">ḷa</w><w n="59"></w><w n="60">ri</w><w n="61" lemma="ka">k </w><w n="62">ka</w><w n="63">ra</w><w n="64" lemma="ma">m</w><w n="65">pai</w><w n="66" lemma="pa">p </w><w n="67">pu</w><w n="68">tu</w><w n="69">va</w><w n="70">ḻi</w><w n="71" lemma="pa">p </w><w n="72">pa</w><w n="73">ṭu</w><w n="74" lemma="ta">t</w><w n="75" lemma="ta">ta </w><w n="76">ma</w><w n="77">ti</w><w n="78">yu</w><w n="79" lemma="ṭai">ṭai </w><w n="80">va</w><w n="81">la</w><w n="82" lemma="vo">vō </w><w n="83">yi</w><w n="84" lemma="ṉa">ṉ</w><w n="85" lemma="ṟu">ṟu </w><w n="86">ta</w><w n="87" lemma="na">n</w><w n="88">ta</w><w n="89" lemma="ṉai">ṉai </w><w n="90" lemma="te">tē</w><w n="91"></w><w n="92" lemma="ro">rō </w><w n="93" lemma="no">nō</w><w n="94">yu</w><w n="95">ḻa</w><w n="96" lemma="na">n </w><w n="97">tu</w><w n="98">ṟai</w><w n="99">vi</w><w n="100" lemma="yai">yai </w><w n="101">na</w><w n="102" lemma="la">l</w><w n="103" lemma="ka">ka </w><w n="104">lā</w><w n="105" lemma="ṉe">ṉē. </w></text></TEI><TEI n="Cam"><text><w n="0" lemma="ce"> 400. cē</w><w n="1">yā</w><w n="2" lemma="ṟu">ṟu </w><w n="3">ce</w><w n="4" lemma="la">l</w><w n="5" lemma="lā">lā </w><w n="6">mā</w><w n="7" lemma="yi">yi </w><w n="8">ṉi</w><w n="9">ṭa</w><w n="10">ri</w><w n="11" lemma="ṉa">ṉ</w><w n="12" lemma="ṟu">ṟu </w><w n="13">ka</w><w n="14">ḷai</w><w n="15">ka</w><w n="16">la</w><w n="17" lemma="ṅa">ṅ </w><w n="18">kā</w><w n="19">ma</w><w n="20" lemma="ma">m </w><w n="21">pe</w><w n="22">ru</w><w n="23" lemma="na">n</w><w n="24" lemma="to">tō</w><w n="25" lemma="ṭa">ṭ </w><w n="26">ke</w><w n="27" lemma="ṉa">ṉ</w><w n="28" lemma="ṟu">ṟu </w><w n="29">na</w><w n="30" lemma="ṉa">ṉ</w><w n="31">ṟu</w><w n="32">pu</w><w n="33">ri</w><w n="34" lemma="na">n </w><w n="35">te</w><w n="36" lemma="ṇa">ṇ</w><w n="37">ṇi</w><w n="38" lemma="ya">ya </w><w n="39">ma</w><w n="40">ṉa</w><w n="41" lemma="ta">t</w><w n="42" lemma="tai">tai </w><w n="43">yā</w><w n="44" lemma="ki">ki </w><w n="45">mu</w><w n="46">ra</w><w n="47" lemma="ma">m</w><w n="48">pu</w><w n="49">ka</w><w n="50" lemma="ṇa">ṇ </w><w n="51">ṇu</w><w n="52">ṭai</w><w n="53" lemma="ya">ya </w><w n="54" lemma="ve">vē</w><w n="55">ki</w><w n="56" lemma="ka">k </w><w n="57">ka</w><w n="58">ra</w><w n="59"></w><w n="60"></w><w n="61"></w><w n="62"></w><w n="63"></w><w n="64" lemma="ma">m</w><w n="65">pai</w><w n="66" lemma="pa">p </w><w n="67">pu</w><w n="68">tu</w><w n="69">va</w><w n="70">ḻi</w><w n="71" lemma="pa">p </w><w n="72">pa</w><w n="73">ṭu</w><w n="74" lemma="ta">t</w><w n="75" lemma="ta">ta </w><w n="76">ma</w><w n="77">ti</w><w n="78">yu</w><w n="79" lemma="ṭai">ṭai </w><w n="80">va</w><w n="81">la</w><w n="82" lemma="vo">vō</w><w n="83" lemma="yi">y i</w><w n="84" lemma="ṉa">ṉ</w><w n="85" lemma="ṟu">ṟu </w><w n="86">ta</w><w n="87" lemma="na">n</w><w n="88">ta</w><w n="89" lemma="ṉai">ṉai </w><w n="90" lemma="te">tē</w><w n="91"></w><w n="92" lemma="ro">rō </w><w n="93" lemma="no">nō</w><w n="94">yu</w><w n="95">ḻa</w><w n="96" lemma="na">n </w><w n="97">tu</w><w n="98">ṟai</w><w n="99">vi</w><w n="100" lemma="yai">yai </w><w n="101">na</w><w n="102" lemma="la">l</w><w n="103" lemma="ka">ka </w><w n="104">lā</w><w n="105" lemma="ṉe">ṉē. </w></text></TEI><TEI n="Ed"><text><w n="0" lemma="ce"> cē</w><w n="1">yā</w><w n="2" lemma="ṟu">ṟu </w><w n="3">ce</w><w n="4" lemma="la">l</w><w n="5" lemma="lā">lā </w><w n="6">mā</w><w n="7" lemma="yi">yi </w><w n="8">ṉi</w><w n="9">ṭa</w><w n="10">ri</w><w n="11" lemma="ṉa">ṉ</w><w n="12" lemma="ṟu">ṟu </w><w n="13">ka</w><w n="14">ḷai</w><w n="15">ka</w><w n="16">la</w><w n="17" lemma="ṅa">ṅ </w><w n="18">kā</w><w n="19">ma</w><w n="20" lemma="ma">m </w><w n="21">pe</w><w n="22">ru</w><w n="23" lemma="na">n</w><w n="24" lemma="to">tō</w><w n="25" lemma="ṭa">ṭ </w><w n="26">ke</w><w n="27" lemma="ṉa">ṉ</w><w n="28" lemma="ṟu">ṟu </w><w n="29">na</w><w n="30" lemma="ṉa">ṉ</w><w n="31">ṟu</w><w n="32">pu</w><w n="33">ri</w><w n="34" lemma="na">n </w><w n="35">te</w><w n="36" lemma="ṇa">ṇ</w><w n="37">ṇi</w><w n="38" lemma="ya">ya </w><w n="39">ma</w><w n="40">ṉa</w><w n="41" lemma="ta">t</w><w n="42" lemma="tai">tai </w><w n="43">yā</w><w n="44" lemma="ki">ki </w><w n="45">mu</w><w n="46">ra</w><w n="47" lemma="ma">m</w><w n="48">pu</w><w n="49">ka</w><w n="50" lemma="ṇa">ṇ </w><w n="51">ṇu</w><w n="52">ṭai</w><w n="53" lemma="ya">ya </w><w n="54" lemma="ve">vē</w><w n="55">ki</w><w n="56" lemma="ka">k </w><w n="57">ka</w><w n="58"></w><w n="59"></w><w n="60"></w><w n="61"></w><w n="62"></w><w n="63">ra</w><w n="64" lemma="ma">m</w><w n="65">pai</w><w n="66" lemma="pa">p </w><w n="67">pu</w><w n="68">tu</w><w n="69">va</w><w n="70">ḻi</w><w n="71" lemma="pa">p </w><w n="72">pa</w><w n="73">ṭu</w><w n="74" lemma="ta">t</w><w n="75" lemma="ta">ta </w><w n="76">ma</w><w n="77">ti</w><w n="78">yu</w><w n="79" lemma="ṭai">ṭai </w><w n="80">va</w><w n="81">la</w><w n="82" lemma="vo">vō </w><w n="83">yi</w><w n="84" lemma="ṉa">ṉ</w><w n="85" lemma="ṟu">ṟu </w><w n="86">ta</w><w n="87" lemma="na">n</w><w n="88">ta</w><w n="89" lemma="ṉai">ṉai </w><w n="90" lemma="te">tē</w><w n="91"></w><w n="92" lemma="ro">rō </w><w n="93" lemma="no">nō</w><w n="94">yu</w><w n="95">ḻa</w><w n="96" lemma="na">n </w><w n="97">tu</w><w n="98">ṟai</w><w n="99">vi</w><w n="100" lemma="yai">yai </w><w n="101">na</w><w n="102" lemma="la">l</w><w n="103" lemma="ka">ka </w><w n="104">lā</w><w n="105" lemma="ṉe">ṉē. </w></text></TEI><TEI n="C2-p"><text><w n="0" lemma="ce"> 400. cē</w><w n="1">yā</w><w n="2" lemma="ṟu">ṟu </w><w n="3">ce</w><w n="4" lemma="la">l</w><w n="5" lemma="va">va </w><w n="6">mā</w><w n="7" lemma="yi">yi </w><w n="8">ṉi</w><w n="9">ṭa</w><w n="10">ri</w><w n="11" lemma="ṉa">ṉ</w><w n="12" lemma="ṟu">ṟu </w><w n="13">ka</w><w n="14">ḷai</w><w n="15">ka</w><w n="16">la</w><w n="17" lemma="ṅa">ṅ </w><w n="18">kā</w><w n="19">ma</w><w n="20" lemma="ma">m </w><w n="21">pe</w><w n="22">ru</w><w n="23" lemma="na">n</w><w n="24" lemma="to">tō</w><w n="25" lemma="ṭa">ṭ </w><w n="26">ke</w><w n="27" lemma="ṉa">ṉ</w><w n="28" lemma="ṟu">ṟu </w><w n="29">na</w><w n="30" lemma="ṉa">ṉ</w><w n="31">ṟu</w><w n="32">pu</w><w n="33">ri</w><w n="34" lemma="na">n </w><w n="35">te</w><w n="36" lemma="ṇa">ṇ</w><w n="37">ṇi</w><w n="38" lemma="ya">ya </w><w n="39">ma</w><w n="40">ṉa</w><w n="41" lemma="ta">t</w><w n="42" lemma="tai">tai </w><w n="43">yā</w><w n="44" lemma="ki">ki </w><w n="45">mu</w><w n="46">ra</w><w n="47" lemma="ma">m</w><w n="48">pu</w><w n="49">ka</w><w n="50" lemma="ṇa">ṇ </w><w n="51">ṇu</w><w n="52">ṭai</w><w n="53" lemma="ya">ya </w><w n="54" lemma="ve">vē</w><w n="55">ki</w><w n="56" lemma="ka">k </w><w n="57">ka</w><w n="58">ḷa</w><w n="59"></w><w n="60">ri</w><w n="61" lemma="ka">k </w><w n="62">ka</w><w n="63">ra</w><w n="64" lemma="ma">m</w><w n="65">pai</w><w n="66" lemma="pa">p </w><w n="67">pu</w><w n="68">tu</w><w n="69">va</w><w n="70">ḻi</w><w n="71" lemma="pa">p </w><w n="72">pa</w><w n="73">ṭu</w><w n="74" lemma="ta">t</w><w n="75" lemma="ta">ta </w><w n="76">ma</w><w n="77">ti</w><w n="78">yu</w><w n="79" lemma="ṭai">ṭai </w><w n="80">va</w><w n="81">la</w><w n="82" lemma="vo">vō </w><w n="83">yi</w><w n="84" lemma="ṉa">ṉ</w><w n="85" lemma="ṟu">ṟu </w><w n="86">ta</w><w n="87" lemma="na">n</w><w n="88">ta</w><w n="89" lemma="ṉai">ṉai </w><w n="90" lemma="te">tē</w><w n="91"></w><w n="92" lemma="ro">rō </w><w n="93" lemma="no">nō</w><w n="94">yu</w><w n="95">ḻa</w><w n="96" lemma="na">n </w><w n="97">tu</w><w n="98">ṟai</w><w n="99">vi</w><w n="100" lemma="yai">yai </w><w n="101">na</w><w n="102" lemma="la">l</w><w n="103" lemma="ka">ka </w><w n="104">lā</w><w n="105" lemma="ṉe">ṉē. </w></text></TEI><TEI n="Cam-p"><text><w n="0" lemma="ce"> 400. cē</w><w n="1">yā</w><w n="2" lemma="ṟu">ṟu </w><w n="3">ce</w><w n="4" lemma="la">l</w><w n="5" lemma="vā">vā </w><w n="6">mā</w><w n="7" lemma="yi">yi </w><w n="8">ṉi</w><w n="9">ṭa</w><w n="10">ri</w><w n="11" lemma="ṉa">ṉ</w><w n="12" lemma="ṟu">ṟu </w><w n="13">ka</w><w n="14">lai</w><w n="15" lemma="ka">k </w><w n="16"></w><w n="17"></w><w n="18">kā</w><w n="19">ma</w><w n="20" lemma="ma">m </w><w n="21">pe</w><w n="22">ru</w><w n="23" lemma="na">n</w><w n="24" lemma="to">tō</w><w n="25" lemma="ṭa">ṭ </w><w n="26">ke</w><w n="27" lemma="ṉa">ṉ</w><w n="28" lemma="ṟu">ṟu </w><w n="29">na</w><w n="30" lemma="ṉa">ṉ</w><w n="31">ṟu</w><w n="32">pu</w><w n="33">ri</w><w n="34" lemma="na">n </w><w n="35">te</w><w n="36" lemma="ṇa">ṇ</w><w n="37">ṇi</w><w n="38" lemma="ya">ya </w><w n="39">ma</w><w n="40">ṉa</w><w n="41" lemma="ta">t</w><w n="42" lemma="tai">tai </w><w n="43">yā</w><w n="44" lemma="ki">ki </w><w n="45">mu</w><w n="46">ra</w><w n="47" lemma="ma">m</w><w n="48">pu</w><w n="49">ka</w><w n="50" lemma="ṇa">ṇ </w><w n="51">ṇu</w><w n="52">ṭai</w><w n="53" lemma="ya">ya </w><w n="54" lemma="ve">vē</w><w n="55">ki</w><w n="56" lemma="ka">k </w><w n="57">ka</w><w n="58">ḷa</w><w n="59"></w><w n="60">ri</w><w n="61" lemma="ka">k</w><w n="62">ka</w><w n="63">ra</w><w n="64" lemma="ma">m</w><w n="65">pai</w><w n="66" lemma="pa">p </w><w n="67">pu</w><w n="68">tu</w><w n="69">va</w><w n="70">ḻi</w><w n="71" lemma="pa">p </w><w n="72">pa</w><w n="73">ṭu</w><w n="74" lemma="ta">t</w><w n="75" lemma="ta">ta </w><w n="76">ma</w><w n="77">ti</w><w n="78">yu</w><w n="79" lemma="ṭai">ṭai </w><w n="80">va</w><w n="81">la</w><w n="82" lemma="vo">vō</w><w n="83" lemma="yi">y i</w><w n="84" lemma="ṉa">ṉ</w><w n="85" lemma="ṟu">ṟu </w><w n="86">ta</w><w n="87" lemma="na">n</w><w n="88">ta</w><w n="89" lemma="ṉai">ṉai </w><w n="90" lemma="te">tē</w><w n="91"></w><w n="92" lemma="ro">rō </w><w n="93" lemma="no">nō</w><w n="94">yu</w><w n="95">ḻa</w><w n="96" lemma="na">n </w><w n="97">tu</w><w n="98">ṟai</w><w n="99">vi</w><w n="100" lemma="yai">yai </w><w n="101">na</w><w n="102" lemma="la">l</w><w n="103" lemma="ka">ka </w><w n="104">lā</w><w n="105" lemma="ṉe">ṉē. </w></text></TEI><TEI n="SS"><text><w n="0" lemma="ce"> 400. cē</w><w n="1">yā</w><w n="2" lemma="ṟu">ṟu </w><w n="3">ce</w><w n="4" lemma="la">l</w><w n="5" lemma="vā">vā </w><w n="6">mā</w><w n="7">yi</w><w n="8" lemma="ṉai">ṉ· i</w><w n="9">ṭa</w><w n="10">ri</w><w n="11" lemma="ṉa">ṉ</w><w n="12" lemma="ṟu">ṟu </w><w n="13">ka</w><w n="14">ḷai</w><w n="15">ka</w><w n="16">la</w><w n="17" lemma="ṅa">m </w><w n="18">kā</w><w n="19">ma</w><w n="20" lemma="ma">m </w><w n="21">pe</w><w n="22">ru</w><w n="23" lemma="na">n</w><w n="24" lemma="to">tō</w><w n="25" lemma="ṭa">ṭ </w><w n="26">ke</w><w n="27" lemma="ṉa">ṉ</w><w n="28" lemma="ṟu">ṟu </w><w n="29">na</w><w n="30" lemma="ṉa">ṉ</w><w n="31">ṟu</w><w n="32">pu</w><w n="33">ri</w><w n="34" lemma="na">n </w><w n="35">te</w><w n="36" lemma="ṇa">ṇ</w><w n="37">ṇi</w><w n="38" lemma="ya">ya </w><w n="39">ma</w><w n="40">ṉa</w><w n="41" lemma="ta">t</w><w n="42" lemma="tai">tai </w><w n="43">yā</w><w n="44" lemma="ki">ki </w><w n="45">mu</w><w n="46">ra</w><w n="47" lemma="ma">m</w><w n="48">pu</w><w n="49">ka</w><w n="50"></w><w n="51" lemma="ṇu">ṇ u</w><w n="52">ṭai</w><w n="53" lemma="ya">ya </w><w n="54" lemma="ve">vē</w><w n="55">ki</w><w n="56" lemma="ka">k </w><w n="57">ka</w><w n="58"></w><w n="59"></w><w n="60"></w><w n="61"></w><w n="62"></w><w n="63">ra</w><w n="64" lemma="ma">m</w><w n="65">pai</w><w n="66" lemma="pa">p </w><w n="67">pu</w><w n="68">tu</w><w n="69">va</w><w n="70">ḻi</w><w n="71" lemma="pa">p </w><w n="72">pa</w><w n="73">ṭu</w><w n="74" lemma="ta">t</w><w n="75" lemma="ta">ta </w><w n="76">ma</w><w n="77">ti</w><w n="78">yu</w><w n="79" lemma="ṭai">ṭai </w><w n="80">va</w><w n="81">la</w><w n="82" lemma="vo">vō</w><w n="83" lemma="yi">y i</w><w n="84" lemma="ṉa">ṉ</w><w n="85" lemma="ṟu">ṟu </w><w n="86">ta</w><w n="87" lemma="na">n</w><w n="88">ta</w><w n="89" lemma="ṉai">ṉai </w><w n="90" lemma="te">tē</w><w n="91"></w><w n="92" lemma="ro">rō </w><w n="93" lemma="no">nō</w><w n="94">yu</w><w n="95">ḻa</w><w n="96" lemma="na">n </w><w n="97">tu</w><w n="98">ṟai</w><w n="99">vi</w><w n="100" lemma="yai">yai </w><w n="101">na</w><w n="102" lemma="la">l</w><w n="103" lemma="ka">ka </w><w n="104">lā</w><w n="105" lemma="ṉe">ṉē. </w></text></TEI><TEI n="G2pc"><text><w n="0" lemma="ce"> 399. cē</w><w n="1">yā</w><w n="2" lemma="ṟu">ṟu </w><w n="3">ce</w><w n="4" lemma="la">l</w><w n="5" lemma="lā">lā </w><w n="6">mā</w><w n="7">yi</w><w n="8">ṉi</w><w n="9">ṭa</w><w n="10">ri</w><w n="11" lemma="ṉa">ṉ</w><w n="12" lemma="ṟu">ṟu </w><w n="13">ka</w><w n="14">ḷai</w><w n="15">i</w><w n="16" lemma="ka">k </w><w n="17"></w><w n="18">kā</w><w n="19">ma</w><w n="20" lemma="ma">m </w><w n="21">pe</w><w n="22">ru</w><w n="23" lemma="na">n </w><w n="24" lemma="to">tō</w><w n="25" lemma="ṭa">ṭ</w><w n="26">ke</w><w n="27" lemma="ṉa">ṉ</w><w n="28" lemma="ṟu">ṟu </w><w n="29">na</w><w n="30" lemma="ṉa">ṉ</w><w n="31">ṟu</w><w n="32">pu</w><w n="33">ri</w><w n="34" lemma="na">n </w><w n="35">te</w><w n="36" lemma="ṇa">ṇ</w><w n="37">ṇi</w><w n="38" lemma="ya">ya </w><w n="39">ma</w><w n="40">ṉa</w><w n="41" lemma="ta">t</w><w n="42" lemma="tai">tai </w><w n="43">yā</w><w n="44" lemma="ki">ki </w><w n="45">mu</w><w n="46">ra</w><w n="47" lemma="ma">m</w><w n="48">pu</w><w n="49">ka</w><w n="50" lemma="ṇa">ṇ </w><w n="51">ṇu</w><w n="52">ṭai</w><w n="53" lemma="ya">ya </w><w n="54" lemma="ve">vē</w><w n="55">ki</w><w n="56" lemma="ka">k </w><w n="57">ka</w><w n="58">ḷa</w><w n="59"></w><w n="60">ri</w><w n="61" lemma="ka">k </w><w n="62">ka</w><w n="63">ra</w><w n="64" lemma="ma">m</w><w n="65">pai</w><w n="66" lemma="pa">p </w><w n="67">pu</w><w n="68">tu</w><w n="69">va</w><w n="70">ḻi</w><w n="71" lemma="pa">p </w><w n="72">pa</w><w n="73">ṭu</w><w n="74" lemma="ta">t</w><w n="75" lemma="ta">ta </w><w n="76">ma</w><w n="77">ti</w><w n="78">yu</w><w n="79" lemma="ṭai">ṭai </w><w n="80">va</w><w n="81">la</w><w n="82" lemma="vo">vō </w><w n="83">yi</w><w n="84" lemma="ṉa">ṉ</w><w n="85" lemma="ṟu">ṟu </w><w n="86">ta</w><w n="87" lemma="na">n</w><w n="88">ta</w><w n="89">ṉai</w><w n="90" lemma="ta">t </w><w n="91" lemma="te">tē</w><w n="92" lemma="ro">rō </w><w n="93" lemma="no">nō</w><w n="94">yu</w><w n="95">ḻa</w><w n="96" lemma="na">n </w><w n="97">tu</w><w n="98">ṟai</w><w n="99">vi</w><w n="100" lemma="yai">yai </w><w n="101">na</w><w n="102" lemma="la">l</w><w n="103">ka</w><w n="104">lā</w><w n="105" lemma="ṉe">ṉē― </w></text></TEI><TEI n="G2ac"><text><w n="0" lemma="ce"> 399. cē</w><w n="1">yā</w><w n="2" lemma="ṟu">ṟu </w><w n="3">ce</w><w n="4" lemma="la">l</w><w n="5" lemma="lā">lā </w><w n="6">mā</w><w n="7">yi</w><w n="8">ṉi</w><w n="9">ṭa</w><w n="10">ri</w><w n="11" lemma="ṉa">ṉ</w><w n="12" lemma="ṟu">ṟu </w><w n="13">ka</w><w n="14">ḷai</w><w n="15">i</w><w n="16" lemma="ka">k </w><w n="17"></w><w n="18">kā</w><w n="19">ma</w><w n="20" lemma="ma">m </w><w n="21">pe</w><w n="22">ru</w><w n="23" lemma="na">n </w><w n="24" lemma="to">tō</w><w n="25" lemma="ṭa">ṭ</w><w n="26">ke</w><w n="27" lemma="ṉa">ṉ</w><w n="28" lemma="ṟu">ṟu </w><w n="29">na</w><w n="30" lemma="ṉa">ṉ</w><w n="31">ṟu</w><w n="32">pu</w><w n="33">ri</w><w n="34" lemma="na">n </w><w n="35">te</w><w n="36" lemma="ṇa">ṇ</w><w n="37">ṇi</w><w n="38" lemma="ya">ya </w><w n="39">ma</w><w n="40">ṉa</w><w n="41" lemma="ta">t</w><w n="42" lemma="tai">tai </w><w n="43">yā</w><w n="44" lemma="ki">ki </w><w n="45">mu</w><w n="46">ra</w><w n="47" lemma="ma">m</w><w n="48">pu</w><w n="49">ka</w><w n="50" lemma="ṇa">ṇ </w><w n="51">ṇu</w><w n="52">ṭai</w><w n="53" lemma="ya">ya </w><w n="54" lemma="ve">vē</w><w n="55">ki</w><w n="56" lemma="ka">k </w><w n="57">ka</w><w n="58">ḷa</w><w n="59"></w><w n="60">ri</w><w n="61" lemma="ka">k </w><w n="62">ka</w><w n="63">ra</w><w n="64" lemma="ma">m</w><w n="65">pai</w><w n="66" lemma="pa">p </w><w n="67">pu</w><w n="68">tu</w><w n="69">va</w><w n="70">ḻi</w><w n="71" lemma="pa">p </w><w n="72">pa</w><w n="73">ṭu</w><w n="74" lemma="ta">t</w><w n="75" lemma="ta">ta </w><w n="76">ma</w><w n="77">ti</w><w n="78">yu</w><w n="79" lemma="ṭai">ṭai </w><w n="80">va</w><w n="81">la</w><w n="82" lemma="vo">vō </w><w n="83">yi</w><w n="84" lemma="ṉa">ṉ</w><w n="85" lemma="ṟu">ṟu </w><w n="86">ta</w><w n="87" lemma="na">n</w><w n="88">ta</w><w n="89">ṉai</w><w n="90" lemma="ta">t </w><w n="91" lemma="te">tē</w><w n="92" lemma="ro">rō </w><w n="93" lemma="no">nō</w><w n="94">yu</w><w n="95">ḻa</w><w n="96" lemma="na">n </w><w n="97">tu</w><w n="98">ṟa</w><w n="99">vi</w><w n="100" lemma="yai">yai </w><w n="101">na</w><w n="102" lemma="la">l</w><w n="103">ka</w><w n="104">lā</w><w n="105" lemma="ṉe">ṉē― </w></text></TEI><TEI n="C2ac"><text><w n="0" lemma="ce"> 400. cē</w><w n="1">yā</w><w n="2" lemma="ṟu">ṟu </w><w n="3">ce</w><w n="4" lemma="la">l</w><w n="5" lemma="lā">lā </w><w n="6">mā</w><w n="7" lemma="yi">yi </w><w n="8">ṉi</w><w n="9">ṭa</w><w n="10">ri</w><w n="11" lemma="ṉa">ṉ</w><w n="12" lemma="ṟu">ṟu </w><w n="13">ka</w><w n="14">ḷai</w><w n="15"></w><w n="16" lemma="ka">k </w><w n="17"></w><w n="18">kā</w><w n="19">ma</w><w n="20" lemma="ma">m </w><w n="21">pe</w><w n="22">ru</w><w n="23" lemma="na">n</w><w n="24" lemma="to">tō</w><w n="25" lemma="ṭa">ṭ </w><w n="26">ke</w><w n="27" lemma="ṉa">ṉ</w><w n="28" lemma="ṟu">ṟu </w><w n="29">na</w><w n="30" lemma="ṉa">ṉ</w><w n="31">ṟu</w><w n="32">pu</w><w n="33">ri</w><w n="34" lemma="na">n </w><w n="35">te</w><w n="36" lemma="ṇa">ṇ</w><w n="37">ṇi</w><w n="38" lemma="ya">ya </w><w n="39">ma</w><w n="40">ṉa</w><w n="41" lemma="ta">t</w><w n="42" lemma="tai">tai </w><w n="43">yā</w><w n="44" lemma="ki">ki </w><w n="45">mu</w><w n="46">ra</w><w n="47" lemma="ma">m</w><w n="48">pu</w><w n="49">ka</w><w n="50" lemma="ṇa">ṇ </w><w n="51">ṇu</w><w n="52">ṭai</w><w n="53" lemma="ya">ya </w><w n="54" lemma="ve">vē</w><w n="55">ki</w><w n="56" lemma="ka">k </w><w n="57">ka</w><w n="58">ḷa</w><w n="59"></w><w n="60">ri</w><w n="61" lemma="ka">k </w><w n="62">ka</w><w n="63">ra</w><w n="64" lemma="ma">m</w><w n="65">pai</w><w n="66" lemma="pa">p </w><w n="67">pu</w><w n="68">tu</w><w n="69">va</w><w n="70">ḻi</w><w n="71" lemma="pa">p </w><w n="72">pa</w><w n="73">ṭu</w><w n="74" lemma="ta">t</w><w n="75" lemma="ta">ta </w><w n="76">ma</w><w n="77">ti</w><w n="78">yu</w><w n="79" lemma="ṭai">ṭai </w><w n="80">va</w><w n="81">la</w><w n="82" lemma="vo">vō </w><w n="83">yi</w><w n="84" lemma="ṉa">ṉ</w><w n="85" lemma="ṟu">ṟu </w><w n="86">ta</w><w n="87" lemma="na">n</w><w n="88">ta</w><w n="89" lemma="ṉai">ṉai </w><w n="90" lemma="te">tē</w><w n="91" lemma="re">rē </w><w n="92"></w><w n="93" lemma="no">nō</w><w n="94">yu</w><w n="95">ḻa</w><w n="96" lemma="na">n </w><w n="97">ti</w><w n="98">ṟai</w><w n="99">vi</w><w n="100" lemma="yai">yai </w><w n="101">na</w><w n="102" lemma="la">l</w><w n="103" lemma="ka">ka </w><w n="104">lā</w><w n="105" lemma="ṉe">ṉē. </w></text></TEI><TEI n="EA"><text><w n="0" lemma="ce"> 400. cē</w><w n="1">yā</w><w n="2" lemma="ṟu">ṟu </w><w n="3">ce</w><w n="4" lemma="la">l</w><w n="5" lemma="lā">lā </w><w n="6">mā</w><w n="7" lemma="yi">yi </w><w n="8">ṉi</w><w n="9">ṭa</w><w n="10">ri</w><w n="11" lemma="ṉa">ṉ</w><w n="12" lemma="ṟu">ṟu </w><w n="13">ka</w><w n="14">ḷai</w><w n="15">i</w><w n="16" lemma="ka">k </w><w n="17"></w><w n="18">kā</w><w n="19">ma</w><w n="20" lemma="ma">m </w><w n="21">pe</w><w n="22">ru</w><w n="23" lemma="na">n</w><w n="24" lemma="to">tō</w><w n="25" lemma="ṭa">ṭ </w><w n="26">ke</w><w n="27" lemma="ṉa">ṉ</w><w n="28" lemma="ṟu">ṟu </w><w n="29">na</w><w n="30" lemma="ṉa">ṉ</w><w n="31">ṟu</w><w n="32">pu</w><w n="33">ri</w><w n="34" lemma="na">n </w><w n="35">te</w><w n="36" lemma="ṇa">ṇ</w><w n="37">ṇi</w><w n="38" lemma="ya">ya </w><w n="39">ma</w><w n="40">ṉa</w><w n="41" lemma="ta">t</w><w n="42" lemma="tai">tai </w><w n="43">yā</w><w n="44" lemma="ki">ki </w><w n="45">mu</w><w n="46">ra</w><w n="47" lemma="ma">m</w><w n="48">pu</w><w n="49">ka</w><w n="50" lemma="ṇa">ṇ </w><w n="51">ṇu</w><w n="52">ṭai</w><w n="53" lemma="ya">ya </w><w n="54" lemma="ve">vē</w><w n="55">ki</w><w n="56" lemma="ka">k </w><w n="57">ka</w><w n="58">ḷa</w><w n="59"></w><w n="60">ri</w><w n="61" lemma="ka">k </w><w n="62">ka</w><w n="63">ra</w><w n="64" lemma="ma">m</w><w n="65">pai</w><w n="66" lemma="pa">p </w><w n="67">pu</w><w n="68">tu</w><w n="69">va</w><w n="70">ḻi</w><w n="71" lemma="pa">p </w><w n="72">pa</w><w n="73">ṭu</w><w n="74" lemma="ta">t</w><w n="75" lemma="ta">ta </w><w n="76">ma</w><w n="77">ti</w><w n="78">yu</w><w n="79" lemma="ṭai">ṭai </w><w n="80">va</w><w n="81">la</w><w n="82" lemma="vo">vō, </w><w n="83">yi</w><w n="84" lemma="ṉa">ṉ</w><w n="85" lemma="ṟu">ṟu </w><w n="86">ta</w><w n="87" lemma="na">n</w><w n="88">ta</w><w n="89" lemma="ṉai">ṉai </w><w n="90" lemma="te">tē</w><w n="91" lemma="re">rē</w><w n="92" lemma="ra">r </w><w n="93" lemma="no">nō</w><w n="94">yu</w><w n="95">ḻa</w><w n="96" lemma="na">n </w><w n="97">tu</w><w n="98">ṟai</w><w n="99">vi</w><w n="100" lemma="yai">yai </w><w n="101">na</w><w n="102" lemma="la">l</w><w n="103" lemma="ka">ka </w><w n="104">lā</w><w n="105" lemma="ṉe">ṉē. </w></text></TEI></teiCorpus>